GeneticID	PulldownStrategy	DataSource	NoLibraries	coverage1240k	SNPsHit1240k	SNPsHitHO	FamilyIDandPos	Yhaplogroup	YhaplogroupISOGG	mtDNACoverage	mtDNAhaplogroup	mtDNAconsensus	DamageRate	SexRatio	LibraryType	Libraries	Assesment	Warnings
I11033	Repulldown on 3.2M snpset	1240K		4.445546	803498	429919	n/a (no relatives detected)	n/a (female)	n/a (female)		H2a3b	[0.984,0.999]			ds.half	S11033.E1.L1	PASS	..
I13758	Repulldown on 3.2M snpset	1240K		1.550043	571925	308299	England, East Riding of Yorkshire, Pocklington (Burnby Lane) Family A (56 members) (mother-son: I21260-I13759 | daughter-mother: I14108-I21695 | brothers: I21617-I21614/I5507, I21861-I14105, I21954-I21960 | siblings: I21558-I13758 | 2d: I12412-I21978, I21263-I5506, I21955-I21618, I21974-I21978, I21625-I21961, I21260-I21975, I21260-I21639, I21260-I21890, I21260-I12411, I21260-I21614/I5507, I21260-I21617, I21981-I21549, I21617-I12411, I13759-I21975, I21972-I21552, I21639-I13758, I21547-I21549, I21558-I21639, I21623-I5506, I21641-I12414 | 2/3d: I21262-I21615, I21615-I12784, I21615-I21640, I21263-I21865, I21974-I22148, I21978-I22148, I21865-I14108, I12413-I21617, I22148-I21894, I21976-I21617, I21617-I13758, I21617-I21558, I21956-I21866, I21695-I5508, I5508-I21861, I21861-I13751, I21613-I21702/I5510, I21702/I5510-I21862, I14105-I13751, I14105-I5508, I5508-I14108, I21860-I12414 | 3d: I12412-I21615, I21617-I21639, I21617-I21890, I21617-I13759, I21558-I12411, I21639-I13759, I21639-I21614/I5507, I21639-I12411, I21623-I21625, I21625-I5506, I21552-I13757 | 3d+: I21953-I21262, I21262-I12412, I12412-I21263, I12412-I21955, I12412-I21974, I21263-I21623, I21263-I21625, I21263-I13757, I21955-I21959, I21955-I12413, I12784-I21260, I21625-I21952, I13757-I21981, I21959-I13754, I12413-I21260, I12413-I21976, I21260-I21976, I21260-I21558, I21260-I13758, I21260-I21952, I21961-I21956, I21961-I21641, I21981-I13754, I21976-I21890, I21976-I21639, I21976-I21558, I21976-I13758, I21976-I12411, I13759-I21890, I21975-I21890, I21975-I21639, I21639-I21890, I21890-I12411, I21890-I13758, I21890-I21558, I21890-I21614/I5507, I21956-I21641, I21954-I13756, I21954-I21972, I21960-I13756, I21558-I21614/I5507, I21558-I13759, I21547-I12413, I21558-I12413, I21623-I12412, I21641-I14105, I21641-I21702/I5510)	R-L2	R1b1a1b1a1a2b1		H2a3b	[0.973,0.992]			ss.half	S13758.Y1.E1.L1	PASS	damage.ss.half=0.085
I14107	Repulldown on 3.2M snpset	1240K		1.103735	582951	316582	England, East Riding of Yorkshire, Pocklington (Burnby Lane) Family G (2 members) (son-mother: I14107-I21698)	R-CTS6919	R1b1a1b1a1a2c1b1		K1c1a	[0.972,0.991]			ss.half	S14107.Y1.E1.L1	PASS	damage.ss.half=0.064
I0525	Repulldown on 3.2M snpset	1240K		0.234932	231791	122629	United Kingdom, England, Yorkshire, East Riding, North Ferriby, Melton Quarry Family A (2 members) (M1489 and I0525 are 2nd degree relatives)	n/a (female)	n/a (female)		U2e1e	[0.975,0.998]			ds.half,ds.half	S0525.E1.L1,S0525.E1.L3	PASS	..
I14106	Repulldown on 3.2M snpset	1240K		2.168841	685172	371077	n/a (no relatives detected)	n/a (female)	n/a (female)		K1c1a	[0.963,0.982]			ss.half	S14106.Y1.E1.L1	PASS	..
I22057	Repulldown on 3.2M snpset	1240K		5.445	783891	434189	n/a (no relatives detected)	n/a (female)	n/a (female)		H2a1k	[0.984,0.997]			ds.half	S22057.Y1.E1.L1	PASS	..
I22062	Repulldown on 3.2M snpset	1240K		2.989	787101	433812	n/a (no relatives detected)	R-DF13	R1b1a1b1a1a2c1		K1a+195	[0.986,0.998]			ds.half	S22062.Y1.E1.L1	PASS	..
I22064	Repulldown on 3.2M snpset	1240K		6.384	767472	425956	n/a (no relatives detected)	n/a (female)	n/a (female)		H4a1a3a	[0.988,0.999]			ds.half	S22064.Y1.E1.L1	PASS	..
I5502	Repulldown on 3.2M snpset	1240K		4.749	835229	451187	n/a (no relatives detected)	R-P312	R1b1a1b1a1a2		H3	[0.998,1.000]			ds.half	S5502.E1.L1	PASS	..
I12412	Repulldown on 3.2M snpset	1240K		5.278948	817565	449410	England, East Riding of Yorkshire, Pocklington (Burnby Lane) Family A (56 members) (mother-son: I21260-I13759 | daughter-mother: I14108-I21695 | brothers: I21617-I21614/I5507, I21861-I14105, I21954-I21960 | siblings: I21558-I13758 | 2d: I12412-I21978, I21263-I5506, I21955-I21618, I21974-I21978, I21625-I21961, I21260-I21975, I21260-I21639, I21260-I21890, I21260-I12411, I21260-I21614/I5507, I21260-I21617, I21981-I21549, I21617-I12411, I13759-I21975, I21972-I21552, I21639-I13758, I21547-I21549, I21558-I21639, I21623-I5506, I21641-I12414 | 2/3d: I21262-I21615, I21615-I12784, I21615-I21640, I21263-I21865, I21974-I22148, I21978-I22148, I21865-I14108, I12413-I21617, I22148-I21894, I21976-I21617, I21617-I13758, I21617-I21558, I21956-I21866, I21695-I5508, I5508-I21861, I21861-I13751, I21613-I21702/I5510, I21702/I5510-I21862, I14105-I13751, I14105-I5508, I5508-I14108, I21860-I12414 | 3d: I12412-I21615, I21617-I21639, I21617-I21890, I21617-I13759, I21558-I12411, I21639-I13759, I21639-I21614/I5507, I21639-I12411, I21623-I21625, I21625-I5506, I21552-I13757 | 3d+: I21953-I21262, I21262-I12412, I12412-I21263, I12412-I21955, I12412-I21974, I21263-I21623, I21263-I21625, I21263-I13757, I21955-I21959, I21955-I12413, I12784-I21260, I21625-I21952, I13757-I21981, I21959-I13754, I12413-I21260, I12413-I21976, I21260-I21976, I21260-I21558, I21260-I13758, I21260-I21952, I21961-I21956, I21961-I21641, I21981-I13754, I21976-I21890, I21976-I21639, I21976-I21558, I21976-I13758, I21976-I12411, I13759-I21890, I21975-I21890, I21975-I21639, I21639-I21890, I21890-I12411, I21890-I13758, I21890-I21558, I21890-I21614/I5507, I21956-I21641, I21954-I13756, I21954-I21972, I21960-I13756, I21558-I21614/I5507, I21558-I13759, I21547-I12413, I21558-I12413, I21623-I12412, I21641-I14105, I21641-I21702/I5510)	n/a (female)	n/a (female)		K1c1a	[0.980,0.996]			ds.half	S12412.E1.L1	PASS	..
I14100	Repulldown on 3.2M snpset	1240K		2.821999	716230	389039	n/a (no relatives detected)	R-DF13	R1b1a1b1a1a2c1		J1c9	[0.977,0.994]			ss.half	S14100.Y1.E1.L1	PASS	..
I22055	Repulldown on 3.2M snpset	1240K		6.512	796139	440650	n/a (no relatives detected)	n/a (female)	n/a (female)		K1b1a1c1	[0.964,0.986]			ds.half	S22055.Y1.E1.L1	PASS	..
I22056	Repulldown on 3.2M snpset	1240K		5.848	778615	431501	n/a (no relatives detected)	n/a (female)	n/a (female)		H4a1a3a	[0.973,0.991]			ds.half	S22056.Y1.E1.L1	PASS	..
I0527	Repulldown on 3.2M snpset	1240K		0.035672	40885	21863	n/a (no relatives detected)	n/a (female)	n/a (female)		U2e1e	[0.976,0.999]			ds.half,ds.half	S0527.E1.L1,S0527.E1.L3	PASS	..
I11034	Repulldown on 3.2M snpset	1240K		3.426877	779468	415140	n/a (no relatives detected)	n/a (female)	n/a (female)		H2a3b	[0.967,0.988]			ds.half	S11034.E1.L1	PASS	..
I12411	Repulldown on 3.2M snpset	1240K		5.060407	799541	441049	England, East Riding of Yorkshire, Pocklington (Burnby Lane) Family A (56 members) (mother-son: I21260-I13759 | daughter-mother: I14108-I21695 | brothers: I21617-I21614/I5507, I21861-I14105, I21954-I21960 | siblings: I21558-I13758 | 2d: I12412-I21978, I21263-I5506, I21955-I21618, I21974-I21978, I21625-I21961, I21260-I21975, I21260-I21639, I21260-I21890, I21260-I12411, I21260-I21614/I5507, I21260-I21617, I21981-I21549, I21617-I12411, I13759-I21975, I21972-I21552, I21639-I13758, I21547-I21549, I21558-I21639, I21623-I5506, I21641-I12414 | 2/3d: I21262-I21615, I21615-I12784, I21615-I21640, I21263-I21865, I21974-I22148, I21978-I22148, I21865-I14108, I12413-I21617, I22148-I21894, I21976-I21617, I21617-I13758, I21617-I21558, I21956-I21866, I21695-I5508, I5508-I21861, I21861-I13751, I21613-I21702/I5510, I21702/I5510-I21862, I14105-I13751, I14105-I5508, I5508-I14108, I21860-I12414 | 3d: I12412-I21615, I21617-I21639, I21617-I21890, I21617-I13759, I21558-I12411, I21639-I13759, I21639-I21614/I5507, I21639-I12411, I21623-I21625, I21625-I5506, I21552-I13757 | 3d+: I21953-I21262, I21262-I12412, I12412-I21263, I12412-I21955, I12412-I21974, I21263-I21623, I21263-I21625, I21263-I13757, I21955-I21959, I21955-I12413, I12784-I21260, I21625-I21952, I13757-I21981, I21959-I13754, I12413-I21260, I12413-I21976, I21260-I21976, I21260-I21558, I21260-I13758, I21260-I21952, I21961-I21956, I21961-I21641, I21981-I13754, I21976-I21890, I21976-I21639, I21976-I21558, I21976-I13758, I21976-I12411, I13759-I21890, I21975-I21890, I21975-I21639, I21639-I21890, I21890-I12411, I21890-I13758, I21890-I21558, I21890-I21614/I5507, I21956-I21641, I21954-I13756, I21954-I21972, I21960-I13756, I21558-I21614/I5507, I21558-I13759, I21547-I12413, I21558-I12413, I21623-I12412, I21641-I14105, I21641-I21702/I5510)	n/a (female)	n/a (female)		H2a3b	[0.990,1.000]			ds.half	S12411.E1.L1	PASS	..
I12413	Repulldown on 3.2M snpset	1240K		5.087407	822324	453189	England, East Riding of Yorkshire, Pocklington (Burnby Lane) Family A (56 members) (mother-son: I21260-I13759 | daughter-mother: I14108-I21695 | brothers: I21617-I21614/I5507, I21861-I14105, I21954-I21960 | siblings: I21558-I13758 | 2d: I12412-I21978, I21263-I5506, I21955-I21618, I21974-I21978, I21625-I21961, I21260-I21975, I21260-I21639, I21260-I21890, I21260-I12411, I21260-I21614/I5507, I21260-I21617, I21981-I21549, I21617-I12411, I13759-I21975, I21972-I21552, I21639-I13758, I21547-I21549, I21558-I21639, I21623-I5506, I21641-I12414 | 2/3d: I21262-I21615, I21615-I12784, I21615-I21640, I21263-I21865, I21974-I22148, I21978-I22148, I21865-I14108, I12413-I21617, I22148-I21894, I21976-I21617, I21617-I13758, I21617-I21558, I21956-I21866, I21695-I5508, I5508-I21861, I21861-I13751, I21613-I21702/I5510, I21702/I5510-I21862, I14105-I13751, I14105-I5508, I5508-I14108, I21860-I12414 | 3d: I12412-I21615, I21617-I21639, I21617-I21890, I21617-I13759, I21558-I12411, I21639-I13759, I21639-I21614/I5507, I21639-I12411, I21623-I21625, I21625-I5506, I21552-I13757 | 3d+: I21953-I21262, I21262-I12412, I12412-I21263, I12412-I21955, I12412-I21974, I21263-I21623, I21263-I21625, I21263-I13757, I21955-I21959, I21955-I12413, I12784-I21260, I21625-I21952, I13757-I21981, I21959-I13754, I12413-I21260, I12413-I21976, I21260-I21976, I21260-I21558, I21260-I13758, I21260-I21952, I21961-I21956, I21961-I21641, I21981-I13754, I21976-I21890, I21976-I21639, I21976-I21558, I21976-I13758, I21976-I12411, I13759-I21890, I21975-I21890, I21975-I21639, I21639-I21890, I21890-I12411, I21890-I13758, I21890-I21558, I21890-I21614/I5507, I21956-I21641, I21954-I13756, I21954-I21972, I21960-I13756, I21558-I21614/I5507, I21558-I13759, I21547-I12413, I21558-I12413, I21623-I12412, I21641-I14105, I21641-I21702/I5510)	R-DF27	R1b1a1b1a1a2a		H2a3b	[0.979,0.995]			ds.half	S12413.E1.L1	PASS	..
I12414	Repulldown on 3.2M snpset	1240K		5.276335	828300	455584	England, East Riding of Yorkshire, Pocklington (Burnby Lane) Family A (56 members) (mother-son: I21260-I13759 | daughter-mother: I14108-I21695 | brothers: I21617-I21614/I5507, I21861-I14105, I21954-I21960 | siblings: I21558-I13758 | 2d: I12412-I21978, I21263-I5506, I21955-I21618, I21974-I21978, I21625-I21961, I21260-I21975, I21260-I21639, I21260-I21890, I21260-I12411, I21260-I21614/I5507, I21260-I21617, I21981-I21549, I21617-I12411, I13759-I21975, I21972-I21552, I21639-I13758, I21547-I21549, I21558-I21639, I21623-I5506, I21641-I12414 | 2/3d: I21262-I21615, I21615-I12784, I21615-I21640, I21263-I21865, I21974-I22148, I21978-I22148, I21865-I14108, I12413-I21617, I22148-I21894, I21976-I21617, I21617-I13758, I21617-I21558, I21956-I21866, I21695-I5508, I5508-I21861, I21861-I13751, I21613-I21702/I5510, I21702/I5510-I21862, I14105-I13751, I14105-I5508, I5508-I14108, I21860-I12414 | 3d: I12412-I21615, I21617-I21639, I21617-I21890, I21617-I13759, I21558-I12411, I21639-I13759, I21639-I21614/I5507, I21639-I12411, I21623-I21625, I21625-I5506, I21552-I13757 | 3d+: I21953-I21262, I21262-I12412, I12412-I21263, I12412-I21955, I12412-I21974, I21263-I21623, I21263-I21625, I21263-I13757, I21955-I21959, I21955-I12413, I12784-I21260, I21625-I21952, I13757-I21981, I21959-I13754, I12413-I21260, I12413-I21976, I21260-I21976, I21260-I21558, I21260-I13758, I21260-I21952, I21961-I21956, I21961-I21641, I21981-I13754, I21976-I21890, I21976-I21639, I21976-I21558, I21976-I13758, I21976-I12411, I13759-I21890, I21975-I21890, I21975-I21639, I21639-I21890, I21890-I12411, I21890-I13758, I21890-I21558, I21890-I21614/I5507, I21956-I21641, I21954-I13756, I21954-I21972, I21960-I13756, I21558-I21614/I5507, I21558-I13759, I21547-I12413, I21558-I12413, I21623-I12412, I21641-I14105, I21641-I21702/I5510)	n/a (female)	n/a (female)		H2a3b	[0.984,0.999]			ds.half	S12414.E1.L1	PASS	..
I12415	Repulldown on 3.2M snpset	1240K		4.310041	809085	445830	United Kingdom, England, Pocklington Family A (3 members) (I12412 is a 2nd or 3rd degree relative of I12415 and I5506)	n/a (female)	n/a (female)		J1c9	[0.996,1.000]			ds.half	S12415.E1.L1	PASS	..
I13751	Repulldown on 3.2M snpset	1240K		1.623427	621842	334514	England, East Riding of Yorkshire, Pocklington (Burnby Lane) Family A (56 members) (mother-son: I21260-I13759 | daughter-mother: I14108-I21695 | brothers: I21617-I21614/I5507, I21861-I14105, I21954-I21960 | siblings: I21558-I13758 | 2d: I12412-I21978, I21263-I5506, I21955-I21618, I21974-I21978, I21625-I21961, I21260-I21975, I21260-I21639, I21260-I21890, I21260-I12411, I21260-I21614/I5507, I21260-I21617, I21981-I21549, I21617-I12411, I13759-I21975, I21972-I21552, I21639-I13758, I21547-I21549, I21558-I21639, I21623-I5506, I21641-I12414 | 2/3d: I21262-I21615, I21615-I12784, I21615-I21640, I21263-I21865, I21974-I22148, I21978-I22148, I21865-I14108, I12413-I21617, I22148-I21894, I21976-I21617, I21617-I13758, I21617-I21558, I21956-I21866, I21695-I5508, I5508-I21861, I21861-I13751, I21613-I21702/I5510, I21702/I5510-I21862, I14105-I13751, I14105-I5508, I5508-I14108, I21860-I12414 | 3d: I12412-I21615, I21617-I21639, I21617-I21890, I21617-I13759, I21558-I12411, I21639-I13759, I21639-I21614/I5507, I21639-I12411, I21623-I21625, I21625-I5506, I21552-I13757 | 3d+: I21953-I21262, I21262-I12412, I12412-I21263, I12412-I21955, I12412-I21974, I21263-I21623, I21263-I21625, I21263-I13757, I21955-I21959, I21955-I12413, I12784-I21260, I21625-I21952, I13757-I21981, I21959-I13754, I12413-I21260, I12413-I21976, I21260-I21976, I21260-I21558, I21260-I13758, I21260-I21952, I21961-I21956, I21961-I21641, I21981-I13754, I21976-I21890, I21976-I21639, I21976-I21558, I21976-I13758, I21976-I12411, I13759-I21890, I21975-I21890, I21975-I21639, I21639-I21890, I21890-I12411, I21890-I13758, I21890-I21558, I21890-I21614/I5507, I21956-I21641, I21954-I13756, I21954-I21972, I21960-I13756, I21558-I21614/I5507, I21558-I13759, I21547-I12413, I21558-I12413, I21623-I12412, I21641-I14105, I21641-I21702/I5510)	n/a (female)	n/a (female)		H2a3b	[0.976,0.994]			ss.half	S13751.Y1.E1.L1	PASS	..
I13753	Repulldown on 3.2M snpset	1240K		2.316939	720286	388230	United Kingdom, England, East Riding of Yorkshire, Pocklington (Burnby Lane) Family B (5 members) (2d: I21557-I22620 | 3d: I21259-I21973, I21259-I22620 | 3d+: I21973-I22620, I22620-I13753)	R-FGC49766	R1b1a1b1a1a2c1a1b		H2a3b	[0.963,0.988]			ss.half	S13753.Y1.E1.L1	PASS	..
I13754	Repulldown on 3.2M snpset	1240K		1.914306	651868	351712	England, East Riding of Yorkshire, Pocklington (Burnby Lane) Family A (56 members) (mother-son: I21260-I13759 | daughter-mother: I14108-I21695 | brothers: I21617-I21614/I5507, I21861-I14105, I21954-I21960 | siblings: I21558-I13758 | 2d: I12412-I21978, I21263-I5506, I21955-I21618, I21974-I21978, I21625-I21961, I21260-I21975, I21260-I21639, I21260-I21890, I21260-I12411, I21260-I21614/I5507, I21260-I21617, I21981-I21549, I21617-I12411, I13759-I21975, I21972-I21552, I21639-I13758, I21547-I21549, I21558-I21639, I21623-I5506, I21641-I12414 | 2/3d: I21262-I21615, I21615-I12784, I21615-I21640, I21263-I21865, I21974-I22148, I21978-I22148, I21865-I14108, I12413-I21617, I22148-I21894, I21976-I21617, I21617-I13758, I21617-I21558, I21956-I21866, I21695-I5508, I5508-I21861, I21861-I13751, I21613-I21702/I5510, I21702/I5510-I21862, I14105-I13751, I14105-I5508, I5508-I14108, I21860-I12414 | 3d: I12412-I21615, I21617-I21639, I21617-I21890, I21617-I13759, I21558-I12411, I21639-I13759, I21639-I21614/I5507, I21639-I12411, I21623-I21625, I21625-I5506, I21552-I13757 | 3d+: I21953-I21262, I21262-I12412, I12412-I21263, I12412-I21955, I12412-I21974, I21263-I21623, I21263-I21625, I21263-I13757, I21955-I21959, I21955-I12413, I12784-I21260, I21625-I21952, I13757-I21981, I21959-I13754, I12413-I21260, I12413-I21976, I21260-I21976, I21260-I21558, I21260-I13758, I21260-I21952, I21961-I21956, I21961-I21641, I21981-I13754, I21976-I21890, I21976-I21639, I21976-I21558, I21976-I13758, I21976-I12411, I13759-I21890, I21975-I21890, I21975-I21639, I21639-I21890, I21890-I12411, I21890-I13758, I21890-I21558, I21890-I21614/I5507, I21956-I21641, I21954-I13756, I21954-I21972, I21960-I13756, I21558-I21614/I5507, I21558-I13759, I21547-I12413, I21558-I12413, I21623-I12412, I21641-I14105, I21641-I21702/I5510)	R-Z2245	R1b1a1b1a1a2d1		U5b2b3	[0.958,0.982]			ss.half	S13754.Y1.E1.L1	PASS	..
I13755	Repulldown on 3.2M snpset	1240K		0.540242	413121	221962	n/a (no relatives detected)	n/a (female)	n/a (female)		H2a3b	[0.965,0.986]			ss.half	S13755.Y1.E1.L1	PASS	damage.ss.half=0.074
I13756	Repulldown on 3.2M snpset	1240K		1.897094	691088	372726	England, East Riding of Yorkshire, Pocklington (Burnby Lane) Family A (56 members) (mother-son: I21260-I13759 | daughter-mother: I14108-I21695 | brothers: I21617-I21614/I5507, I21861-I14105, I21954-I21960 | siblings: I21558-I13758 | 2d: I12412-I21978, I21263-I5506, I21955-I21618, I21974-I21978, I21625-I21961, I21260-I21975, I21260-I21639, I21260-I21890, I21260-I12411, I21260-I21614/I5507, I21260-I21617, I21981-I21549, I21617-I12411, I13759-I21975, I21972-I21552, I21639-I13758, I21547-I21549, I21558-I21639, I21623-I5506, I21641-I12414 | 2/3d: I21262-I21615, I21615-I12784, I21615-I21640, I21263-I21865, I21974-I22148, I21978-I22148, I21865-I14108, I12413-I21617, I22148-I21894, I21976-I21617, I21617-I13758, I21617-I21558, I21956-I21866, I21695-I5508, I5508-I21861, I21861-I13751, I21613-I21702/I5510, I21702/I5510-I21862, I14105-I13751, I14105-I5508, I5508-I14108, I21860-I12414 | 3d: I12412-I21615, I21617-I21639, I21617-I21890, I21617-I13759, I21558-I12411, I21639-I13759, I21639-I21614/I5507, I21639-I12411, I21623-I21625, I21625-I5506, I21552-I13757 | 3d+: I21953-I21262, I21262-I12412, I12412-I21263, I12412-I21955, I12412-I21974, I21263-I21623, I21263-I21625, I21263-I13757, I21955-I21959, I21955-I12413, I12784-I21260, I21625-I21952, I13757-I21981, I21959-I13754, I12413-I21260, I12413-I21976, I21260-I21976, I21260-I21558, I21260-I13758, I21260-I21952, I21961-I21956, I21961-I21641, I21981-I13754, I21976-I21890, I21976-I21639, I21976-I21558, I21976-I13758, I21976-I12411, I13759-I21890, I21975-I21890, I21975-I21639, I21639-I21890, I21890-I12411, I21890-I13758, I21890-I21558, I21890-I21614/I5507, I21956-I21641, I21954-I13756, I21954-I21972, I21960-I13756, I21558-I21614/I5507, I21558-I13759, I21547-I12413, I21558-I12413, I21623-I12412, I21641-I14105, I21641-I21702/I5510)	n/a (female)	n/a (female)		K1c1a	[0.943,0.967]			ss.half	S13756.Y1.E1.L1	PASS	mtcontam=[0.943,0.967]
I13757	Repulldown on 3.2M snpset	1240K		1.653098	659673	355378	England, East Riding of Yorkshire, Pocklington (Burnby Lane) Family A (56 members) (mother-son: I21260-I13759 | daughter-mother: I14108-I21695 | brothers: I21617-I21614/I5507, I21861-I14105, I21954-I21960 | siblings: I21558-I13758 | 2d: I12412-I21978, I21263-I5506, I21955-I21618, I21974-I21978, I21625-I21961, I21260-I21975, I21260-I21639, I21260-I21890, I21260-I12411, I21260-I21614/I5507, I21260-I21617, I21981-I21549, I21617-I12411, I13759-I21975, I21972-I21552, I21639-I13758, I21547-I21549, I21558-I21639, I21623-I5506, I21641-I12414 | 2/3d: I21262-I21615, I21615-I12784, I21615-I21640, I21263-I21865, I21974-I22148, I21978-I22148, I21865-I14108, I12413-I21617, I22148-I21894, I21976-I21617, I21617-I13758, I21617-I21558, I21956-I21866, I21695-I5508, I5508-I21861, I21861-I13751, I21613-I21702/I5510, I21702/I5510-I21862, I14105-I13751, I14105-I5508, I5508-I14108, I21860-I12414 | 3d: I12412-I21615, I21617-I21639, I21617-I21890, I21617-I13759, I21558-I12411, I21639-I13759, I21639-I21614/I5507, I21639-I12411, I21623-I21625, I21625-I5506, I21552-I13757 | 3d+: I21953-I21262, I21262-I12412, I12412-I21263, I12412-I21955, I12412-I21974, I21263-I21623, I21263-I21625, I21263-I13757, I21955-I21959, I21955-I12413, I12784-I21260, I21625-I21952, I13757-I21981, I21959-I13754, I12413-I21260, I12413-I21976, I21260-I21976, I21260-I21558, I21260-I13758, I21260-I21952, I21961-I21956, I21961-I21641, I21981-I13754, I21976-I21890, I21976-I21639, I21976-I21558, I21976-I13758, I21976-I12411, I13759-I21890, I21975-I21890, I21975-I21639, I21639-I21890, I21890-I12411, I21890-I13758, I21890-I21558, I21890-I21614/I5507, I21956-I21641, I21954-I13756, I21954-I21972, I21960-I13756, I21558-I21614/I5507, I21558-I13759, I21547-I12413, I21558-I12413, I21623-I12412, I21641-I14105, I21641-I21702/I5510)	n/a (female)	n/a (female)		T2c1d1a	[0.988,0.997]			ss.half	S13757.Y1.E1.L1	PASS	damage.ss.half=0.096
I13760	Repulldown on 3.2M snpset	1240K		1.054656	623614	335010	n/a (no relatives detected)	R-DF13	R1b1a1b1a1a2c1		H2a3b	[0.979,0.997]			ss.half	S13760.Y1.E1.L1	PASS	..
I14099	Repulldown on 3.2M snpset	1240K		2.780538	732571	398465	n/a (no relatives detected)	n/a (female)	n/a (female)		H2a3b	[0.963,0.988]			ss.half	S14099.Y1.E1.L1	PASS	damage.ss.half=0.093
I14101	Repulldown on 3.2M snpset	1240K		2.532974	741126	402451	n/a (no relatives detected)	n/a (female)	n/a (female)		H2a3b	[0.980,0.997]			ss.half	S14101.Y1.E1.L1	PASS	damage.ss.half=0.098
I14102	Repulldown on 3.2M snpset	1240K		3.179481	748394	406583	United Kingdom, England, Pocklington Family D (2 members) (I14102 and I5509 are 2nd or 3rd degree relatives)	R-DF13	R1b1a1b1a1a2c1		K1c1a	[0.974,0.992]			ss.half	S14102.Y1.E1.L1	PASS	damage.ss.half=0.089
I14103	Repulldown on 3.2M snpset	1240K		0.411557	341161	184396	United Kingdom, England, East Riding of Yorkshire, Pocklington (Burnby Lane) Family D (2 Members) (I21644, I14103 have a 2d relationship)	n/a (female)	n/a (female)		H53	[0.949,0.974]			ss.half	S14103.Y1.E1.L1	PASS	damage.ss.half=0.085, mtcontam=[0.949,0.974]
I14104	Repulldown on 3.2M snpset	1240K		3.674387	745037	404646	England, East Riding of Yorkshire, Pocklington (Burnby Lane) Family A (6 members) (1d: I21643-I21703 | 2d: I21696-I21701, I21703-I16598, I21703-I14104 | 2/3d: I21701-I21643)	R-Z251	R1b1a1b1a1a2c1		H	[0.960,0.986]			ss.half	S14104.Y1.E1.L1	PASS	damage.ss.half=0.069
I14105	Repulldown on 3.2M snpset	1240K		3.025275	744232	404067	England, East Riding of Yorkshire, Pocklington (Burnby Lane) Family A (56 members) (mother-son: I21260-I13759 | daughter-mother: I14108-I21695 | brothers: I21617-I21614/I5507, I21861-I14105, I21954-I21960 | siblings: I21558-I13758 | 2d: I12412-I21978, I21263-I5506, I21955-I21618, I21974-I21978, I21625-I21961, I21260-I21975, I21260-I21639, I21260-I21890, I21260-I12411, I21260-I21614/I5507, I21260-I21617, I21981-I21549, I21617-I12411, I13759-I21975, I21972-I21552, I21639-I13758, I21547-I21549, I21558-I21639, I21623-I5506, I21641-I12414 | 2/3d: I21262-I21615, I21615-I12784, I21615-I21640, I21263-I21865, I21974-I22148, I21978-I22148, I21865-I14108, I12413-I21617, I22148-I21894, I21976-I21617, I21617-I13758, I21617-I21558, I21956-I21866, I21695-I5508, I5508-I21861, I21861-I13751, I21613-I21702/I5510, I21702/I5510-I21862, I14105-I13751, I14105-I5508, I5508-I14108, I21860-I12414 | 3d: I12412-I21615, I21617-I21639, I21617-I21890, I21617-I13759, I21558-I12411, I21639-I13759, I21639-I21614/I5507, I21639-I12411, I21623-I21625, I21625-I5506, I21552-I13757 | 3d+: I21953-I21262, I21262-I12412, I12412-I21263, I12412-I21955, I12412-I21974, I21263-I21623, I21263-I21625, I21263-I13757, I21955-I21959, I21955-I12413, I12784-I21260, I21625-I21952, I13757-I21981, I21959-I13754, I12413-I21260, I12413-I21976, I21260-I21976, I21260-I21558, I21260-I13758, I21260-I21952, I21961-I21956, I21961-I21641, I21981-I13754, I21976-I21890, I21976-I21639, I21976-I21558, I21976-I13758, I21976-I12411, I13759-I21890, I21975-I21890, I21975-I21639, I21639-I21890, I21890-I12411, I21890-I13758, I21890-I21558, I21890-I21614/I5507, I21956-I21641, I21954-I13756, I21954-I21972, I21960-I13756, I21558-I21614/I5507, I21558-I13759, I21547-I12413, I21558-I12413, I21623-I12412, I21641-I14105, I21641-I21702/I5510)	R-P312	R1b1a1b1a1a2		H2a3b	[0.975,0.997]			ss.half	S14105.Y1.E1.L1	PASS	damage.ss.half=0.088
I14108	Repulldown on 3.2M snpset	1240K		3.093237	757516	411244	England, East Riding of Yorkshire, Pocklington (Burnby Lane) Family A (56 members) (mother-son: I21260-I13759 | daughter-mother: I14108-I21695 | brothers: I21617-I21614/I5507, I21861-I14105, I21954-I21960 | siblings: I21558-I13758 | 2d: I12412-I21978, I21263-I5506, I21955-I21618, I21974-I21978, I21625-I21961, I21260-I21975, I21260-I21639, I21260-I21890, I21260-I12411, I21260-I21614/I5507, I21260-I21617, I21981-I21549, I21617-I12411, I13759-I21975, I21972-I21552, I21639-I13758, I21547-I21549, I21558-I21639, I21623-I5506, I21641-I12414 | 2/3d: I21262-I21615, I21615-I12784, I21615-I21640, I21263-I21865, I21974-I22148, I21978-I22148, I21865-I14108, I12413-I21617, I22148-I21894, I21976-I21617, I21617-I13758, I21617-I21558, I21956-I21866, I21695-I5508, I5508-I21861, I21861-I13751, I21613-I21702/I5510, I21702/I5510-I21862, I14105-I13751, I14105-I5508, I5508-I14108, I21860-I12414 | 3d: I12412-I21615, I21617-I21639, I21617-I21890, I21617-I13759, I21558-I12411, I21639-I13759, I21639-I21614/I5507, I21639-I12411, I21623-I21625, I21625-I5506, I21552-I13757 | 3d+: I21953-I21262, I21262-I12412, I12412-I21263, I12412-I21955, I12412-I21974, I21263-I21623, I21263-I21625, I21263-I13757, I21955-I21959, I21955-I12413, I12784-I21260, I21625-I21952, I13757-I21981, I21959-I13754, I12413-I21260, I12413-I21976, I21260-I21976, I21260-I21558, I21260-I13758, I21260-I21952, I21961-I21956, I21961-I21641, I21981-I13754, I21976-I21890, I21976-I21639, I21976-I21558, I21976-I13758, I21976-I12411, I13759-I21890, I21975-I21890, I21975-I21639, I21639-I21890, I21890-I12411, I21890-I13758, I21890-I21558, I21890-I21614/I5507, I21956-I21641, I21954-I13756, I21954-I21972, I21960-I13756, I21558-I21614/I5507, I21558-I13759, I21547-I12413, I21558-I12413, I21623-I12412, I21641-I14105, I21641-I21702/I5510)	n/a (female)	n/a (female)		V2a	[0.988,1.000]			ss.half	S14108.Y1.E1.L1	PASS	..
I14327	Repulldown on 3.2M snpset	1240K		3.851326	801836	442259	n/a (no relatives detected)	R-Y3267	R1b1a1b1a1a2a		H5	[0.965,0.990]			ds.half	S14327.Y1.E1.L1	PASS	..
I22052	Repulldown on 3.2M snpset	1240K		6.75	797703	441552	n/a (no relatives detected)	n/a (female)	n/a (female)		U2e2a1a	[0.992,1.000]			ds.half	S22052.Y1.E1.L1	PASS	..
I22060	Repulldown on 3.2M snpset	1240K		5.22	825402	455741	n/a (no relatives detected)	R-Z2961	R1b1a1b1a1a2c1a1a1a1a		H4a1a3a	[0.975,0.992]			ds.half	S22060.Y1.E1.L1	PASS	Xcontam=[0.005,0.009]
I22065	Repulldown on 3.2M snpset	1240K		3.61	801555	444076	n/a (no relatives detected)	R-P312	R1b1a1b1a1a2		H	[0.969,0.991]			ds.half	S22065.Y1.E1.L1	PASS	..
I5503	Repulldown on 3.2M snpset	1240K		5.343	848852	460211	n/a (no relatives detected)	n/a (female)	n/a (female)		U5b1c2	[0.985,1.000]			ds.half	S5503.E1.L1	PASS	..
I5505	Repulldown on 3.2M snpset	1240K		3.670453	875478	474935	n/a (no relatives detected)	R-L21	R1b1a1b1a1a2c1		V16	..			ds.half,ds.half	S5505.E1.L1,S21556.Y1.E1.L1	PASS	..
I5506	Repulldown on 3.2M snpset	1240K		4.715	834471	451862	England, East Riding of Yorkshire, Pocklington (Burnby Lane) Family A (56 members) (mother-son: I21260-I13759 | daughter-mother: I14108-I21695 | brothers: I21617-I21614/I5507, I21861-I14105, I21954-I21960 | siblings: I21558-I13758 | 2d: I12412-I21978, I21263-I5506, I21955-I21618, I21974-I21978, I21625-I21961, I21260-I21975, I21260-I21639, I21260-I21890, I21260-I12411, I21260-I21614/I5507, I21260-I21617, I21981-I21549, I21617-I12411, I13759-I21975, I21972-I21552, I21639-I13758, I21547-I21549, I21558-I21639, I21623-I5506, I21641-I12414 | 2/3d: I21262-I21615, I21615-I12784, I21615-I21640, I21263-I21865, I21974-I22148, I21978-I22148, I21865-I14108, I12413-I21617, I22148-I21894, I21976-I21617, I21617-I13758, I21617-I21558, I21956-I21866, I21695-I5508, I5508-I21861, I21861-I13751, I21613-I21702/I5510, I21702/I5510-I21862, I14105-I13751, I14105-I5508, I5508-I14108, I21860-I12414 | 3d: I12412-I21615, I21617-I21639, I21617-I21890, I21617-I13759, I21558-I12411, I21639-I13759, I21639-I21614/I5507, I21639-I12411, I21623-I21625, I21625-I5506, I21552-I13757 | 3d+: I21953-I21262, I21262-I12412, I12412-I21263, I12412-I21955, I12412-I21974, I21263-I21623, I21263-I21625, I21263-I13757, I21955-I21959, I21955-I12413, I12784-I21260, I21625-I21952, I13757-I21981, I21959-I13754, I12413-I21260, I12413-I21976, I21260-I21976, I21260-I21558, I21260-I13758, I21260-I21952, I21961-I21956, I21961-I21641, I21981-I13754, I21976-I21890, I21976-I21639, I21976-I21558, I21976-I13758, I21976-I12411, I13759-I21890, I21975-I21890, I21975-I21639, I21639-I21890, I21890-I12411, I21890-I13758, I21890-I21558, I21890-I21614/I5507, I21956-I21641, I21954-I13756, I21954-I21972, I21960-I13756, I21558-I21614/I5507, I21558-I13759, I21547-I12413, I21558-I12413, I21623-I12412, I21641-I14105, I21641-I21702/I5510)	n/a (female)	n/a (female)		K1c1a	[0.998,1.000]			ds.half	S5506.E1.L1	PASS	..
I5508	Repulldown on 3.2M snpset	1240K		4.532	832340	450025	England, East Riding of Yorkshire, Pocklington (Burnby Lane) Family A (56 members) (mother-son: I21260-I13759 | daughter-mother: I14108-I21695 | brothers: I21617-I21614/I5507, I21861-I14105, I21954-I21960 | siblings: I21558-I13758 | 2d: I12412-I21978, I21263-I5506, I21955-I21618, I21974-I21978, I21625-I21961, I21260-I21975, I21260-I21639, I21260-I21890, I21260-I12411, I21260-I21614/I5507, I21260-I21617, I21981-I21549, I21617-I12411, I13759-I21975, I21972-I21552, I21639-I13758, I21547-I21549, I21558-I21639, I21623-I5506, I21641-I12414 | 2/3d: I21262-I21615, I21615-I12784, I21615-I21640, I21263-I21865, I21974-I22148, I21978-I22148, I21865-I14108, I12413-I21617, I22148-I21894, I21976-I21617, I21617-I13758, I21617-I21558, I21956-I21866, I21695-I5508, I5508-I21861, I21861-I13751, I21613-I21702/I5510, I21702/I5510-I21862, I14105-I13751, I14105-I5508, I5508-I14108, I21860-I12414 | 3d: I12412-I21615, I21617-I21639, I21617-I21890, I21617-I13759, I21558-I12411, I21639-I13759, I21639-I21614/I5507, I21639-I12411, I21623-I21625, I21625-I5506, I21552-I13757 | 3d+: I21953-I21262, I21262-I12412, I12412-I21263, I12412-I21955, I12412-I21974, I21263-I21623, I21263-I21625, I21263-I13757, I21955-I21959, I21955-I12413, I12784-I21260, I21625-I21952, I13757-I21981, I21959-I13754, I12413-I21260, I12413-I21976, I21260-I21976, I21260-I21558, I21260-I13758, I21260-I21952, I21961-I21956, I21961-I21641, I21981-I13754, I21976-I21890, I21976-I21639, I21976-I21558, I21976-I13758, I21976-I12411, I13759-I21890, I21975-I21890, I21975-I21639, I21639-I21890, I21890-I12411, I21890-I13758, I21890-I21558, I21890-I21614/I5507, I21956-I21641, I21954-I13756, I21954-I21972, I21960-I13756, I21558-I21614/I5507, I21558-I13759, I21547-I12413, I21558-I12413, I21623-I12412, I21641-I14105, I21641-I21702/I5510)	R-L21	R1b1a1b1a1a2c1		J1c9	[0.999,1.000]			ds.half	S5508.E1.L1	PASS	..
I13752	Repulldown on 3.2M snpset	1240K		1.80405	633748	341297	United Kingdom, England, Pocklington Family E (2 members) (I13752 and I5511 are siblings)	n/a (female)	n/a (female)		J1c9	[0.973,0.991]			ss.half	S13752.Y1.E1.L1	PASS	..
I11149	Repulldown on 3.2M snpset	1240K		4.883918	763419	413570	n/a (no relatives detected)	R-S264	R1b1a1b1a1a1c1		V	[0.991,1]			ds.half	S11149.E1.L1	PASS	..
I11154	Repulldown on 3.2M snpset	1240K		4.519372	768541	413143	n/a (no relatives detected)	n/a (female)	n/a (female)		H5a1	[0.992,1]			ds.half	S11154.E1.L1	PASS	..
I11995	Repulldown on 3.2M snpset	1240K		2.888032	823425	446248	n/a (no relatives detected)	n/a (female)	n/a (female)		H2a5	[0.962,0.986]			ds.half	S11995.E1.L1	PASS	..
I12610	Repulldown on 3.2M snpset	1240K		0.062098	68003	36859	n/a (no relatives detected)	R-P297	R1b1a1		J1c1	..			ds.half,ss.half,ss.half	S12610.Y1.E1.L1,S12610.Y1.E2.L1,S12610.Y1.E3.L1	PASS	..
I12787	Repulldown on 3.2M snpset	1240K		1.31748	709080	389236	n/a (no relatives detected)	n/a (female)	n/a (female)		H2a2a1	[0.992,1.000]			ds.half	S12787.Y1.E1.L1	PASS	..
I13682	Repulldown on 3.2M snpset	1240K		1.229148	727917	392369	n/a (no relatives detected)	R-P312	R1b1a1b1a1a2		H5a1	[0.957,0.984]			ds.half,ds.half,ds.half,ds.half,ds.half	S13682.E1.L1,S13682.E1.L3,S13682.E1.L2,S13682.E1.L5,S13682.E1.L4	PASS	..
I13684	Repulldown on 3.2M snpset	1240K		2.024189	889192	477698	n/a (no relatives detected)	n/a (female)	n/a (female)		W1+119	[0.901,0.94]			ds.half,ds.half,ds.half,ds.half,ds.half	S13684.E1.L1,S13684.E1.L3,S13684.E1.L2,S13684.E1.L4,S13684.E1.L5	PASS	..
I13688	Repulldown on 3.2M snpset	1240K		1.186504	668391	364812	n/a (no relatives detected)	n/a (female)	n/a (female)		H1+16239	[0.990,1.000]			ds.half	S13688.E1.L1	PASS	..
I13689	Repulldown on 3.2M snpset	1240K		1.480683	653675	359341	n/a (no relatives detected)	R-A11676	R1b1a1b1a1a2c1		K1a3a	[0.993,1.000]			ds.half	S13689.E1.L1	PASS	..
I14381	Repulldown on 3.2M snpset	1240K		2.024583	721796	398571	n/a (no relatives detected)	n/a (female)	n/a (female)		U5b2b1a1	[0.979,0.994]			ds.half	S14381.Y1.E1.L1	PASS	..
I14743_d	Repulldown on 3.2M snpset	1240K		0.061415	64798	33935	n/a (no relatives detected)	R-L151	R1b1a1b1a1a		I4a	..			ss.half	S14743.Y1.E1.L1	PASS	..
I14747	Repulldown on 3.2M snpset	1240K		0.172215	163510	87049	n/a (no relatives detected)	n/a (female)	n/a (female)		H3	[0.961,0.985]			ss.half	S14747.Y1.E1.L1	PASS	damage.ss.half=0.082
I14857	Repulldown on 3.2M snpset	1240K		0.156296	161241	86188	n/a (no relatives detected)	n/a (female)	n/a (female)		H3an	[0.970,0.995]			ss.half	S14857.Y1.E1.L1	PASS	..
I16600	Repulldown on 3.2M snpset	1240K		0.310317	254472	137316	n/a (no relatives detected)	R-L52	R1b1a1b1a1		T2b1	..			ds.half,ss.half	S16600.Y1.E1.L1,S16600.Y1.E3.L1	PASS	..
I16602	Repulldown on 3.2M snpset	1240K		0.302992	253846	139198	n/a (no relatives detected)	n/a (female)	n/a (female)		H1aq	[0.968,0.986]			ds.half	S16602.Y1.E1.L1	PASS	..
I16612	Repulldown on 3.2M snpset	1240K		0.154239	140858	76777	n/a (no relatives detected)	n/a (female)	n/a (female)		H3	[0.991,1.000]			ds.half	S16612.Y1.E1.L1	PASS	..
I16617	Repulldown on 3.2M snpset	1240K		0.076019	82352	44404	n/a (no relatives detected)	n/a (female)	n/a (female)		H4a1a1a	..			ds.half,ss.half,ss.half	S16617.Y1.E1.L1,S16617.Y1.E2.L1,S16617.Y1.E3.L1	PASS	..
I16618	Repulldown on 3.2M snpset	1240K		0.537775	414366	227129	n/a (no relatives detected)	n/a (female)	n/a (female)		K1a4	..			ds.half,ds.half,ds.half,ds.half,ds.half	S16618.Y1.E1.L1,S16618.Y1.E2.L1,S16618.Y1.E3.L1,S16618.Y1.E4.L1,S16618.Y1.E5.L1	PASS	..
I17260	Repulldown on 3.2M snpset	1240K		2.681443	659237	363591	n/a (no relatives detected)	R-Z251	R1b1a1b1a1a2c1		U5a1a2a	[0.995,1.000]			ds.half	S17260.Y1.E1.L1	PASS	..
I19287	Repulldown on 3.2M snpset	1240K		0.573	439485	235865	n/a (no relatives detected)	n/a (female)	n/a (female)		K1b1a	[0.988,0.998]			ss.half	S19287.Y1.E2.L1	PASS	..
I19861	Repulldown on 3.2M snpset	1240K		2.722	677152	366889	n/a (no relatives detected)	n/a (female)	n/a (female)		U2e2a1c	[0.986,0.997]			ss.half	S19861.Y1.E1.L1	PASS	..
I19862	Repulldown on 3.2M snpset	1240K		1.816	656663	355155	n/a (no relatives detected)	n/a (female)	n/a (female)		H5a1f	[0.978,0.996]			ss.half	S19862.Y1.E1.L1	PASS	..
I19863	Repulldown on 3.2M snpset	1240K		1.315	580609	312062	n/a (no relatives detected)	R-DF13	R1b1a1b1a1a2c1		N1a1a1a2	[0.992,1.000]			ss.half	S19863.Y1.E1.L1	PASS	Xcontam=[0.006, 0.016]
I19868	Repulldown on 3.2M snpset	1240K		1.296	570558	306517	n/a (no relatives detected)	R-DF13	R1b1a1b1a1a2c1		T2e1a	[0.984,0.997]			ss.half	S19868.Y1.E1.L1	PASS	..
I20585	Repulldown on 3.2M snpset	1240K		2.793	740734	400085	n/a (no relatives detected)	n/a (female)	n/a (female)		K1c1	[0.987,0.999]			ss.half	S20585.Y1.E1.L1	PASS	..
I27381	Repulldown on 3.2M snpset	1240K		5.897	838795	461880	n/a (no relatives detected)	n/a (female)	n/a (female)		U4c1	[0.963,0.982]			ds.half	S27381.Y1.E1.L1	PASS	..
I27382	Repulldown on 3.2M snpset	1240K		6.908	849875	468121	n/a (no relatives detected)	R-DF23	R1b1a1b1a1a2c1a1a1a1		H1	[0.969,0.989]			ds.half	S27382.Y1.E1.L1	PASS	..
I12772	Repulldown on 3.2M snpset	1240K		2.570493	804324	443201	n/a (no relatives detected)	G-Z1823	G2a2b2a1a1b		T2c1d+152	[0.984,0.996]			ds.half	S12772.Y1.E1.L1	PASS	..
I16380	Repulldown on 3.2M snpset	1240K		0.436933	359924	193349	n/a (no relatives detected)	R-BY23924	R1b1a1b1a1a2c1a1a		U4b1a1a1	[0.980,0.995]			ss.half	S16380.Y1.E1.L1	PASS	damage.ss.half=0.094
I16388	Repulldown on 3.2M snpset	1240K		0.458569	369156	196318	n/a (no relatives detected)	n/a (female)	n/a (female)		J1c1	[0.982,0.997]			ss.half	S16388.Y1.E1.L1	PASS	..
I16439	Repulldown on 3.2M snpset	1240K		2.763267	781015	429837	n/a (no relatives detected)	n/a (female)	n/a (female)		T2c1d+152	[0.990,0.999]			ds.half	S16439.Y1.E1.L1	PASS	..
I16440	Repulldown on 3.2M snpset	1240K		0.566388	461882	253273	n/a (no relatives detected)	R-FGC12384	R1b1a1b1a1a2b1c1b		T2c1d+152	[0.985,0.996]			ds.half	S16440.Y1.E1.L1	PASS	..
I16441	Repulldown on 3.2M snpset	1240K		1.914701	721882	398967	n/a (no relatives detected)	n/a (female)	n/a (female)		J1c2e	[0.982,0.996]			ds.half	S16441.Y1.E1.L1	PASS	..
I16453	Repulldown on 3.2M snpset	1240K		0.056747	64086	35002	n/a (no relatives detected)	I1	I1		U5a2a1	..			ds.half,ss.half	S16453.Y1.E1.L1,S16453.Y1.E2.L1	PASS	..
I16620	Repulldown on 3.2M snpset	1240K		0.160273	161072	87718	n/a (no relatives detected)	n/a (female)	n/a (female)		H1bs	[0.989,1.000]			ds.half	S16620.Y1.E1.L1	PASS	..
I21305	Repulldown on 3.2M snpset	1240K		0.258	248122	137501	n/a (no relatives detected)	R-A1101	R1b1a1b1a1a2c1a1k		H1	[0.927,0.972]			ds.half	S21305.Y1.E3.L1	PASS	mtcontam=[0.927,0.970]
I6769	Repulldown on 3.2M snpset	1240K		3.647581	786211	428551	n/a (no relatives detected)	R-P312	R1b1a1b1a1a2		H6a1b2	[0.996,1.000]			ds.half	S6769.L1	QUESTIONABLE	..
I0156.SG	Repulldown on 3.2M snpset	Shotgun		0.818	682329	363192	n/a (no relatives detected)	R-L21	R1b1a1b1a1a2c1		K1a1b1b	..			ds.plus	..	PASS	..
M1489_noUDG.SG	Repulldown on 3.2M snpset	Shotgun		0.486	379271	194142	United Kingdom, England, Yorkshire, East Riding, North Ferriby, Melton Quarry Family A (2 members) (M1489 and I0525 are 2nd degree relatives)	n/a (female)	n/a (female)		U2e1e	..			ds.minus	..	PASS	..
I0160.SG	Repulldown on 3.2M snpset	Shotgun		8.439	1144704	592570	n/a (no relatives detected)	R-DF5	R1b1a1b1a1a2c1a5b1a1a		H1ag1	..			ds.plus	..	PASS	..
I0789.SG	Repulldown on 3.2M snpset	Shotgun		0.752	597716	324738	n/a (no relatives detected)	n/a (female)	n/a (female)		H1e	..			ds.half	..	PASS	..
I11142	Repulldown on 3.2M snpset	1240K		3.736013	745371	402661	n/a (no relatives detected)	R-S1088	R1b1a1b1a1a2c1a6a1		H3b+16129	[0.984,0.999]			ds.half	S11142.E1.L1	QUESTIONABLE	..
I11144	Repulldown on 3.2M snpset	1240K		4.751901	776394	416728	n/a (no relatives detected)	R-FGC19428	R1b1a1b1a1a2c1a1i3		H5'36	[0.982,0.998]			ds.half	S11144.E1.L1	QUESTIONABLE	..
I11145	Repulldown on 3.2M snpset	1240K		4.527166	781906	419377	n/a (no relatives detected)	R-Z251	R1b1a1b1a1a2c1		H1q	[0.988,0.999]			ds.half	S11145.E1.L1	PASS	..
I12785	Repulldown on 3.2M snpset	1240K		2.60252	808049	444516	n/a (no relatives detected)	R-DF21	R1b1a1b1a1a2c1a5		J1c1b2	[0.986,0.998]			ds.half	S12785.Y1.E1.L1	PASS	..
I12791	Repulldown on 3.2M snpset	1240K		1.635954	777403	429609	n/a (no relatives detected)	I-L160	I2a1a1a1a1		H1e1a	[0.975,0.992]			ds.half	S12791.Y1.E1.L1	QUESTIONABLE	Xcontam=[0.005,0.012]
I14351	Repulldown on 3.2M snpset	1240K		1.819944	691084	373980	United Kingdom, England, Wattle Syke Family B (2 members) (I14351 and I14352 are sisters)	n/a (female)	n/a (female)		K2a	[0.975,0.991]			ss.half	S14351.Y1.E1.L1	PASS	damage.ss.half=0.096
I14552_d	Repulldown on 3.2M snpset	1240K		0.169665	157321	84369	n/a (no relatives detected)	..	..		J1c2	..			ds.half	S14552.Y1.E1.L1	PASS	..
I18599	Repulldown on 3.2M snpset	1240K		2.472694	667117	367098	n/a (no relatives detected)	n/a (female)	n/a (female)		H	[0.987,0.999]			ds.half	S18599.Y1.E1.L1	PASS	..
I19047	Repulldown on 3.2M snpset	1240K		0.047	52494	27016	n/a (no relatives detected)	R-M269	R1b1a1b		H2a	[0.847,0.968]			ss.half	S19047.Y1.E1.L1	PASS	damage.ss.half=0.087, mtcontam=[0.847,0.968]
I19587	Repulldown on 3.2M snpset	1240K		0.039	43937	22781	n/a (no relatives detected)	G-Z1823	G2a2b2a1a1b		K2a	[0.961,0.992]			ss.half	S19587.Y1.E1.L1	PASS	..
I19870	Repulldown on 3.2M snpset	1240K		3.001	747046	403736	United Kingdom, England, Kent, East Kent Access Road Family A (2 members) (I19869-I19870 have a mother-daughter relationship (order unknown))- given the relative ages at death (16-17 years and 50 years), we can probably assume that I19870 is the mother and I19869 is the daughter	n/a (female)	n/a (female)		T1a1	[0.989,0.998]			ss.half	S19870.Y1.E1.L1	PASS	..
I21302	Repulldown on 3.2M snpset	1240K		2.804	754414	416578	n/a (no relatives detected)	R-Z251	R1b1a1b1a1a2c1		K1a+195	[0.956,0.983]			ds.half	S21302.Y1.E3.L1	PASS	..
I21303	Repulldown on 3.2M snpset	1240K		0.635	456122	249794	n/a (no relatives detected)	n/a (female)	n/a (female)		H2a5	[0.987,0.999]			ds.half	S21303.Y1.E3.L1	PASS	..
I21315	Repulldown on 3.2M snpset	1240K		0.08	86341	46447	n/a (no relatives detected)	R-Y83965	R1b1a1b		T1a1'3	[0.928,0.985]			ds.half	S21315.Y1.E1.L1	PASS	..
I5365	Repulldown on 3.2M snpset	1240K		0.112	116175	62827	n/a (no relatives detected)	n/a (female)	n/a (female)		U5a1b1e	[0.986,0.998]			ds.half	S5365.L1	PASS	damage.ds.half=0.026
I14360	Repulldown on 3.2M snpset	1240K		0.796891	496677	268067	United Kingdom, England, Wattle Syke Family A (2 members) (I14359 and I14360 are 1st degree relatives)	n/a (female)	n/a (female)		J1c1	[0.962,0.986]			ss.half	S14360.Y1.E1.L1	PASS	damage.ss.half=0.043
I11146	Repulldown on 3.2M snpset	1240K		0.15191	156478	80787	n/a (no relatives detected)	R-L52	R1b1a1b1a1		J1c1c	[0.951,0.992]			ds.half	S11146.E1.L1	PASS	..
I11147	Repulldown on 3.2M snpset	1240K		4.611682	785069	421793	n/a (no relatives detected)	n/a (female)	n/a (female)		U5a1b1e	[0.98,0.998]			ds.half	S11147.E1.L1	PASS	..
I11148	Repulldown on 3.2M snpset	1240K		4.315152	779606	418374	n/a (no relatives detected)	n/a (female)	n/a (female)		U6d1	[0.978,0.994]			ds.half	S11148.E1.L1	QUESTIONABLE	..
I11150	Repulldown on 3.2M snpset	1240K		4.199268	770283	413451	n/a (no relatives detected)	R-Z253	R1b1a1b1a1a2c1		H15a1	[0.985,0.999]			ds.half	S11150.E1.L1	QUESTIONABLE	..
I11151	Repulldown on 3.2M snpset	1240K		3.800546	764914	412044	n/a (no relatives detected)	R-DF63	R1b1a1b1a1a2c1		K1a+195	[0.986,0.999]			ds.half	S11151.E1.L1	QUESTIONABLE	..
I11153	Repulldown on 3.2M snpset	1240K		4.060328	789690	422809	n/a (no relatives detected)	R-BY11117	R1b1a1b1a1a2c1a5c2		H3b	[0.995,1]			ds.half	S11153.E1.L1	QUESTIONABLE	Xcontam=[0.005,0.01]
I11156	Repulldown on 3.2M snpset	1240K		4.133305	781451	419446	n/a (no relatives detected)	R-Y2890	R1b1a1b1a1a2c1a5		J1c3	[0.977,0.996]			ds.half	S11156.E1.L1	PASS	..
I11997	Repulldown on 3.2M snpset	1240K		4.209248	857489	468105	n/a (no relatives detected)	R-FGC36421	R1b1a1b1a1a2c1b2a1a1a		X2b+226	[0.954,0.980]			ds.half	S11997.E1.L1	PASS	..
I12770	Repulldown on 3.2M snpset	1240K		2.611434	820136	451331	n/a (no relatives detected)	n/a (female)	n/a (female)		H3b1b1	[0.995,1.000]			ds.half	S12770.Y1.E1.L1	PASS	damage.ds.half=0.049
I12771	Repulldown on 3.2M snpset	1240K		3.215414	834383	460033	n/a (no relatives detected)	R-Y30754	R1b1a1b1a1a2a		U5b2a2a	[0.985,0.998]			ds.half	S12771.Y1.E1.L1	PASS	..
I12775	Repulldown on 3.2M snpset	1240K		2.94599	790135	439944	n/a (no relatives detected)	R-DF21	R1b1a1b1a1a2c1a5		U5a1b1e	[0.986,0.999]			ds.half	S12775.Y1.E1.L1	PASS	damage.ds.half=0.049
I13615	Repulldown on 3.2M snpset	1240K		1.709382	691169	380547	n/a (no relatives detected)	R-DF13	R1b1a1b1a1a2c1		H1c	[0.991,1.000]			ds.half	S13615.E1.L1	PASS	..
I13680	Repulldown on 3.2M snpset	1240K		0.513842	409857	221094	n/a (no relatives detected)	R-Z16887	R1b1a1b1a1a2c1a1k		U5a2a1	[0.993,1.000]			ds.half	S13680.E1.L1	PASS	..
I13685	Repulldown on 3.2M snpset	1240K		1.383824	709638	386487	n/a (no relatives detected)	n/a (female)	n/a (female)		U5a1b1e	[0.993,1.000]			ds.half	S13685.E1.L1	PASS	..
I13687	Repulldown on 3.2M snpset	1240K		2.322132	780996	426451	n/a (no relatives detected)	n/a (female)	n/a (female)		W1c	[0.980,0.995]			ds.half	S13687.E1.L1	PASS	..
I13717	Repulldown on 3.2M snpset	1240K		4.390769	819241	452721	n/a (no relatives detected)	n/a (female)	n/a (female)		U5a1a1	[0.994,1.000]			ds.half	S13717.Y1.E1.L1	PASS	..
I13727	Repulldown on 3.2M snpset	1240K		4.27692	845660	464963	n/a (no relatives detected)	n/a (female)	n/a (female)		T1a1	[0.990,0.999]			ds.half	S13727.Y1.E1.L1	PASS	..
I13728	Repulldown on 3.2M snpset	1240K		4.025091	830245	458159	n/a (no relatives detected)	R-P312	R1b1a1b1a1a2		T2a1a	[0.993,1.000]			ds.half	S13728.Y1.E1.L1	PASS	..
I13729	Repulldown on 3.2M snpset	1240K		4.072736	824468	454872	n/a (no relatives detected)	n/a (female)	n/a (female)		H1ag1	[0.987,0.999]			ds.half	S13729.Y1.E1.L1	PASS	..
I13730	Repulldown on 3.2M snpset	1240K		3.459493	805526	444819	n/a (no relatives detected)	R-S5668	R1b1a1b1a1a2c1a2a		H1bb	[0.991,1.000]			ds.half	S13730.Y1.E1.L1	PASS	..
I13731	Repulldown on 3.2M snpset	1240K		3.973891	835145	460030	n/a (no relatives detected)	R-DF13	R1b1a1b1a1a2c1		U5a1a1g	[0.990,1.000]			ds.half	S13731.Y1.E1.L1	PASS	..
I13732	Repulldown on 3.2M snpset	1240K		0.83145	550475	302950	n/a (no relatives detected)	R-P312	R1b1a1b1a1a2		U5b2c1	[0.987,0.998]			ds.half	S13732.Y1.E1.L1	PASS	..
I14347	Repulldown on 3.2M snpset	1240K		3.196819	733104	398553	n/a (no relatives detected)	R-DF23	R1b1a1b1a1a2c1a1a1a1		K2a	[0.980,0.994]			ss.half	S14347.Y1.E1.L1	PASS	damage.ss.half=0.096
I14348	Repulldown on 3.2M snpset	1240K		3.402752	712013	387058	n/a (no relatives detected)	n/a (female)	n/a (female)		U3a1c	[0.978,0.993]			ss.half	S14348.Y1.E1.L1	PASS	damage.ss.half=0.095
I14380	Repulldown on 3.2M snpset	1240K		3.740077	795626	439565	n/a (no relatives detected)	R-L21	R1b1a1b1a1a2c1		T2e1	[0.982,0.996]			ds.half	S14380.Y1.E1.L1	PASS	..
I14549	Repulldown on 3.2M snpset	1240K		0.564776	450985	249332	n/a (no relatives detected)	n/a (female)	n/a (female)		H1	[0.985,0.998]			ds.half	S14549.Y1.E1.L1	PASS	..
I14551	Repulldown on 3.2M snpset	1240K		2.229921	745500	412533	United Kingdom, England, Sussex, Brighton, Slonk Hill Family A (2 members) (I14551 and I7632 are 2nd or 3rd degree relatives)	n/a (female)	n/a (female)		H6a1a	[0.952,0.978]			ds.half	S14551.Y1.E1.L1	PASS	mtcontam=[0.952,0.978]
I14800	Repulldown on 3.2M snpset	1240K		2.005886	706613	379467	n/a (no relatives detected)	R-Z253	R1b1a1b1a1a2c1		J2b1	[0.970,0.988]			ss.half	S14800.Y1.E1.L1	PASS	..
I14801	Repulldown on 3.2M snpset	1240K		2.080439	694933	375235	n/a (no relatives detected)	n/a (female)	n/a (female)		X2b+226	[0.990,1.000]			ss.half	S14801.Y1.E1.L1	PASS	..
I14802	Repulldown on 3.2M snpset	1240K		0.407178	347308	185854	n/a (no relatives detected)	n/a (female)	n/a (female)		X2d	[0.980,0.996]			ss.half	S14802.Y1.E1.L1	QUESTIONABLE	..
I14804	Repulldown on 3.2M snpset	1240K		2.747368	732685	394992	n/a (no relatives detected)	n/a (female)	n/a (female)		H1o	[0.978,0.996]			ss.half	S14804.Y1.E1.L1	PASS	..
I14806	Repulldown on 3.2M snpset	1240K		0.037945	43244	22974	n/a (no relatives detected)	n/a (female)	n/a (female)		H1bb	[0.986,1.000]			ss.half	S14806.Y1.E1.L1	PASS	..
I14807	Repulldown on 3.2M snpset	1240K		1.189233	607646	326621	n/a (no relatives detected)	R-DF49	R1b1a1b1a1a2c1a1a		T1a1	[0.979,0.993]			ss.half	S14807.Y1.E1.L1	PASS	..
I14808	Repulldown on 3.2M snpset	1240K		0.448243	348420	185124	n/a (no relatives detected)	n/a (female)	n/a (female)		H1	[0.927,0.962]			ss.half	S14808.Y1.E1.L1	PASS	mtcontam=[0.927,0.962]
I14858	Repulldown on 3.2M snpset	1240K		1.640418	714547	385152	n/a (no relatives detected)	n/a (female)	n/a (female)		J1c1	[0.982,0.998]			ss.half	S14858.Y1.E1.L1	QUESTIONABLE	..
I14859	Repulldown on 3.2M snpset	1240K		1.660407	697596	375139	n/a (no relatives detected)	R-P312	R1b1a1b1a1a2		H7d3	[0.960,0.984]			ss.half	S14859.Y1.E1.L1	PASS	Xcontam=[0.005,0.012]
I14860	Repulldown on 3.2M snpset	1240K		2.519634	779064	420366	n/a (no relatives detected)	n/a (female)	n/a (female)		X2b+226	[0.963,0.986]			ss.half	S14860.Y1.E1.L1	PASS	..
I14863	Repulldown on 3.2M snpset	1240K		3.263966	789111	425713	n/a (no relatives detected)	n/a (female)	n/a (female)		U5b1b1+@16192	[0.976,0.992]			ss.half	S14863.Y1.E1.L1	PASS	..
I14866	Repulldown on 3.2M snpset	1240K		2.553571	734499	395925	n/a (no relatives detected)	I-L1195	I2a1b1a1a1		H1at1	[0.967,0.991]			ss.half	S14866.Y1.E1.L1	PASS	Xcontam=[0.007,0.014]
I16591	Repulldown on 3.2M snpset	1240K		0.213311	194863	106233	n/a (no relatives detected)	R-Z260	R1b1a1b1a1a2c		H13a1a1	[0.994,1.000]			ds.half	S16591.Y1.E1.L1	PASS	..
I16592	Repulldown on 3.2M snpset	1240K		8.121922	861618	472459	n/a (no relatives detected)	R-FGC5494	R1b1a1b1a1a2c1a6		U5a1b1e	[0.986,0.999]			ds.half,ds.half	S16592.Y1.E1.L1,S17018.Y1.E1.L1	PASS	..
I16593	Repulldown on 3.2M snpset	1240K		0.030219	33893	18446	n/a (no relatives detected)	n/a (female)	n/a (female)		H7b	[0.979,0.995]			ds.half	S16593.Y1.E1.L1	PASS	..
I16595	Repulldown on 3.2M snpset	1240K		0.078409	78235	42481	n/a (no relatives detected)	n/a (female)	n/a (female)		T2b9	[0.986,0.996]			ds.half	S16595.Y1.E1.L1	PASS	..
I16597	Repulldown on 3.2M snpset	1240K		0.962281	536808	292710	n/a (no relatives detected)	R-DF49	R1b1a1b1a1a2c1a1a		H1+16355	[0.972,0.991]			ds.half	S16597.Y1.E1.L1	PASS	..
I16599	Repulldown on 3.2M snpset	1240K		0.536611	393514	214794	n/a (no relatives detected)	R-DF13	R1b1a1b1a1a2c1		T2b1	[0.996,1.000]			ds.half	S16599.Y1.E1.L1	PASS	..
I16611	Repulldown on 3.2M snpset	1240K		0.30861	270061	147120	n/a (no relatives detected)	R-Y12651	R1b1a1b1a1a2c1a5b1a1a2		H1c	[0.965,0.987]			ds.half	S16611.Y1.E1.L1	PASS	..
I17014	Repulldown on 3.2M snpset	1240K		2.588718	649932	358162	n/a (no relatives detected)	R-DF63	R1b1a1b1a1a2c1		U5b1b1d	[0.946,0.975]			ds.half	S17014.Y1.E1.L1	PASS	mtcontam=[0.946,0.975]
I17015	Repulldown on 3.2M snpset	1240K		2.011941	651365	360493	n/a (no relatives detected)	n/a (female)	n/a (female)		H2a2a1	[0.959,0.983]			ds.half	S17015.Y1.E1.L1	PASS	..
I17016	Repulldown on 3.2M snpset	1240K		5.208603	822083	450416	n/a (no relatives detected)	R-Y11273	R1b1a1b1a1a2c1		U2e1a1	[0.990,0.998]			ds.half	S17016.Y1.E1.L1	PASS	..
I17261	Repulldown on 3.2M snpset	1240K		2.300659	677918	373135	n/a (no relatives detected)	R-DF63	R1b1a1b1a1a2c1		R0a	[0.971,0.995]			ds.half	S17261.Y1.E1.L1	QUESTIONABLE	..
I19044	Repulldown on 3.2M snpset	1240K		2.61	773647	420561	n/a (no relatives detected)	R-L21	R1b1a1b1a1a2c1		K1a+195	[0.976,0.994]			ss.half	S19044.Y1.E1.L1	PASS	damage.ss.half=0.061
I19045	Repulldown on 3.2M snpset	1240K		0.698	470797	250371	n/a (no relatives detected)	G-S23438	G2a2b2a1a1b1a1a2a1a1		U4a2	[0.993,1.000]			ss.half	S19045.Y1.E1.L1	PASS	damage.ss.half=0.079
I19046	Repulldown on 3.2M snpset	1240K		1.598	708582	383891	n/a (no relatives detected)	R-P312	R1b1a1b1a1a2		H1t	[0.955,0.983]			ss.half	S19046.Y1.E1.L1	PASS	damage.ss.half=0.072
I19207	Repulldown on 3.2M snpset	1240K		0.1	103197	54008	n/a (no relatives detected)	R-M269	R1b1a1b		H	[0.973,0.992]			ss.half	S19207.Y1.E1.L1	PASS	..
I19211	Repulldown on 3.2M snpset	1240K		1.652	511988	276923	n/a (no relatives detected)	R-L21	R1b1a1b1a1a2c1		H1	[0.942,0.976]			ss.half	S19211.Y1.E1.L1	PASS	mtcontam=[0.942,0.976]
I19652	Repulldown on 3.2M snpset	1240K		0.191	184919	95890	n/a (no relatives detected)	n/a (female)	n/a (female)		J1c2a2	[0.967,0.997]			ss.half	S19652.Y1.E1.L1	PASS	..
I19653	Repulldown on 3.2M snpset	1240K		0.047	48985	25335	n/a (no relatives detected)	R-L151	R1b1a1b1a1a		H1n6	[0.931,0.993]			ss.half	S19653.Y1.E1.L1	PASS	..
I19654	Repulldown on 3.2M snpset	1240K		0.364	305129	159359	n/a (no relatives detected)	n/a (female)	n/a (female)		H1c3a	[0.958,0.993]			ss.half	S19654.Y1.E1.L1	PASS	..
I19656	Repulldown on 3.2M snpset	1240K		1.36	655231	349499	n/a (no relatives detected)	R-DF13	R1b1a1b1a1a2c1		H5'36	[0.956,0.983]			ss.half	S19656.Y1.E1.L1	PASS	..
I19856	Repulldown on 3.2M snpset	1240K		0.085	92491	48561	n/a (no relatives detected)	n/a (female)	n/a (female)		R2'JT	[0.860,0.952]			ss.half	S19856.Y1.E1.L1	PASS	mtcontam=[0.86,0.952]
I19873	Repulldown on 3.2M snpset	1240K		2.2	658916	355572	n/a (no relatives detected)	R-S7402	R1b1a1b1a1a2b1c1b		U5b2b	[0.961,0.985]			ss.half	S19873.Y1.E1.L1	PASS	Xcontam=[0.007, 0.014]
I19874	Repulldown on 3.2M snpset	1240K		3.749	764428	413872	n/a (no relatives detected)	n/a (female)	n/a (female)		H1ax	[0.960,0.985]			ss.half	S19874.Y1.E1.L1	QUESTIONABLE	..
I19907	Repulldown on 3.2M snpset	1240K		2.754	716135	387205	n/a (no relatives detected)	n/a (female)	n/a (female)		U2e1a1	[0.963,0.983]			ss.half	S19907.Y1.E1.L1	PASS	..
I19908	Repulldown on 3.2M snpset	1240K		4.056	784441	425234	n/a (no relatives detected)	n/a (female)	n/a (female)		K2b1a	[0.991,0.999]			ss.half	S19908.Y1.E1.L1	PASS	..
I19909	Repulldown on 3.2M snpset	1240K		3.634	798285	430930	n/a (no relatives detected)	R-BY9003	R1b1a1b1a1a2c1		T1a1+@152	[0.974,0.991]			ss.half	S19909.Y1.E1.L1	PASS	Xcontam=[0.006, 0.011]
I19910	Repulldown on 3.2M snpset	1240K		3.125	749559	404704	n/a (no relatives detected)	n/a (female)	n/a (female)		U4a2	[0.970,0.991]			ss.half	S19910.Y1.E1.L1	PASS	..
I19911	Repulldown on 3.2M snpset	1240K		4.027	761825	412161	n/a (no relatives detected)	R-DF13	R1b1a1b1a1a2c1		K1a4a1	[0.965,0.985]			ss.half	S19911.Y1.E1.L1	PASS	..
I19912	Repulldown on 3.2M snpset	1240K		4.457	788638	427375	n/a (no relatives detected)	n/a (female)	n/a (female)		H1bs	[0.972,0.993]			ss.half	S19912.Y1.E1.L1	PASS	..
I19914	Repulldown on 3.2M snpset	1240K		3.407	735791	398331	n/a (no relatives detected)	n/a (female)	n/a (female)		H3g1	[0.983,0.998]			ss.half	S19914.Y1.E1.L1	PASS	..
I20582	Repulldown on 3.2M snpset	1240K		3.631	789630	427420	n/a (no relatives detected)	n/a (female)	n/a (female)		H10	[0.979,0.999]			ss.half	S20582.Y1.E1.L1	PASS	..
I20586	Repulldown on 3.2M snpset	1240K		3.747	801972	433158	n/a (no relatives detected)	R-DF13	R1b1a1b1a1a2c1		J2b1a	[0.983,0.997]			ss.half	S20586.Y1.E1.L1	PASS	..
I20587	Repulldown on 3.2M snpset	1240K		5.203	813594	440174	n/a (no relatives detected)	R-DF63	R1b1a1b1a1a2c1		K1a2a	[0.984,0.997]			ss.half	S20587.Y1.E1.L1	PASS	Xcontam=[0.005, 0.010]
I20588	Repulldown on 3.2M snpset	1240K		3.915	785699	423326	n/a (no relatives detected)	G-BY27899	G2a2b2a1a1b		V	[0.987,1.000]			ss.half	S20588.Y1.E1.L1	PASS	Xcontam=[0.005, 0.009]
I20589	Repulldown on 3.2M snpset	1240K		4.504	789554	427626	n/a (no relatives detected)	R-Z53	R1b1a1b1a1a2b1c1a1a1		V	[0.986,0.999]			ss.half	S20589.Y1.E1.L1	PASS	..
I20620	Repulldown on 3.2M snpset	1240K		0.036	37366	19619	n/a (no relatives detected)	n/a (female)	n/a (female)		T2a1b1	[0.980,0.995]			ss.half	S20620.E1.L1	PASS	..
I20627	Repulldown on 3.2M snpset	1240K		0.573	447951	240837	United Kingdom, Derbyshire, Monsal Dale, Fin Cop Hillfort Family A (2 members) (I20623-I20627 are 2nd or 3rd degree relatives)	n/a (female)	n/a (female)		V2b	[0.988,1.000]			ss.half	S20627.E1.L1	PASS	..
I20990	Repulldown on 3.2M snpset	1240K		0.789	556147	307122	n/a (no relatives detected)	n/a (female)	n/a (female)		J1c1b1a	[0.981,0.996]			ds.half	S20990.Y1.E2.L1	PASS	..
I21178	Repulldown on 3.2M snpset	1240K		6.89	858050	472668	n/a (no relatives detected)	n/a (female)	n/a (female)		T2b3+151	[0.986,0.997]			ds.half	S21178.Y1.E2.L1	PASS	..
I21179	Repulldown on 3.2M snpset	1240K		7.964	855411	472286	n/a (no relatives detected)	n/a (female)	n/a (female)		T2b	[0.977,0.992]			ds.half	S21179.Y1.E2.L1	PASS	..
I21180	Repulldown on 3.2M snpset	1240K		8.31	874088	481889	n/a (no relatives detected)	R-DF13	R1b1a1b1a1a2c1		H7a1	[0.984,0.998]			ds.half	S21180.Y1.E2.L1	PASS	..
I21181	Repulldown on 3.2M snpset	1240K		6.969	871760	480217	n/a (no relatives detected)	R-BY173541	R1b1a1b1a1a2c1a1k		H3	[0.981,0.998]			ds.half	S21181.Y1.E2.L1	PASS	Xcontam=[0.005,0.008]
I21182	Repulldown on 3.2M snpset	1240K		7.543	859468	474400	n/a (no relatives detected)	R-DF13	R1b1a1b1a1a2c1		J1c2	[0.986,0.999]			ds.half	S21182.Y1.E2.L1	PASS	..
I21293	Repulldown on 3.2M snpset	1240K		1.064	600547	329464	n/a (no relatives detected)	n/a (female)	n/a (female)		J1c1b	[0.989,0.999]			ds.half	S21293.Y1.E1.L1	PASS	..
I3014	Repulldown on 3.2M snpset	1240K		2.191	692421	378285	n/a (no relatives detected)	n/a (female)	n/a (female)		H	[0.971,0.985]			ds.half	S3014.L1	PASS	batch.flag, damage.ss.half=0.049
I7632	Repulldown on 3.2M snpset	1240K		0.240673	246143	132950	United Kingdom, England, Sussex, Brighton, Slonk Hill Family A (2 members) (I14551 and I7632 are 2nd or 3rd degree relatives)	R-S1200	R1b1a1b1a1a		H1	[0.984,0.994]			ds.half	S7632.E1.L1	PASS	damage.ds.half=0.035
I11143	Repulldown on 3.2M snpset	1240K		4.129677	749240	405968	n/a (no relatives detected)	R-Y85515	R1b1a1b1a1a2a		H3b+16129	[0.99,1]			ds.half	S11143.E1.L1	PASS	..
I11152	Repulldown on 3.2M snpset	1240K		3.596601	779018	418713	n/a (no relatives detected)	G-Z16775	G2a2b2a1a1b1a1a2b		U3a1	[0.976,0.994]			ds.half	S11152.E1.L1	PASS	..
I11991	Repulldown on 3.2M snpset	1240K		5.543216	930349	507276	n/a (no relatives detected)	R-DF13	R1b1a1b1a1a2c1		H3b+16129	[0.989,1]			ds.half,ds.half	S11991.E1.L1,S13725.Y1.E1.L1	PASS	..
I11992	Repulldown on 3.2M snpset	1240K		5.309727	905964	493404	n/a (no relatives detected)	R-DF13	R1b1a1b1a1a2c1		H3b+16129	[0.966,0.993]			ds.half,ds.half	S11992.E1.L1,S16587.Y1.E1.L1	PASS	..
I11993	Repulldown on 3.2M snpset	1240K		3.629074	840904	457704	n/a (no relatives detected)	n/a (female)	n/a (female)		J1c2a2	[0.990,0.999]			ds.half	S11993.E1.L1	PASS	..
I11994	Repulldown on 3.2M snpset	1240K		3.789323	844743	461028	n/a (no relatives detected)	n/a (female)	n/a (female)		U5a2c3a	[0.979,0.995]			ds.half	S11994.E1.L1	PASS	..
I12790	Repulldown on 3.2M snpset	1240K		2.001676	760117	416932	United Kingdom, England, Cornwall, Newquay, Tregunnel Family A (3 members) (I12792 and I12793 are mother and son and both are 2nd or 3rd degree relatives to I12790)	n/a (female)	n/a (female)		H2a1	[0.994,1.000]			ds.half	S12790.Y1.E1.L1	PASS	..
I12793	Repulldown on 3.2M snpset	1240K		1.652973	761091	417222	United Kingdom, England, Cornwall, Newquay, Tregunnel Family A (3 members) (I12792 and I12793 are mother and son and both are 2nd or 3rd degree relatives to I12790)	R-DF13	R1b1a1b1a1a2c1		H2a1	[0.974,0.994]			ds.half	S12793.Y1.E1.L1	PASS	..
I12926	Repulldown on 3.2M snpset	1240K		2.388022	731694	404072	n/a (no relatives detected)	R-Z251	R1b1a1b1a1a2c1		H2a2a2	[0.984,0.997]			ds.half	S12926.Y1.E1.L1	PASS	Xcontam=[0.005,0.011]
I13616	Repulldown on 3.2M snpset	1240K		0.91818	604159	324814	n/a (no relatives detected)	n/a (female)	n/a (female)		H1b1+16362	[0.968,0.989]			ds.half,ds.half,ds.half,ds.half,ds.half	S13616.E1.L1,S13616.E1.L3,S13616.E1.L4,S13616.E1.L2,S13616.E1.L5	PASS	..
I13726	Repulldown on 3.2M snpset	1240K		3.441392	829520	457126	n/a (no relatives detected)	R-DF13	R1b1a1b1a1a2c1		H13a1a1	[0.987,0.999]			ds.half,ds.half	S13726.Y1.E1.L1,S16586.Y1.E1.L1	PASS	..
I14353	Repulldown on 3.2M snpset	1240K		3.913249	750515	408511	n/a (no relatives detected)	R-L21	R1b1a1b1a1a2c1		U5b2a1a1	[0.973,0.991]			ss.half	S14353.Y1.E1.L1	PASS	damage.ss.half=0.08
I14809	Repulldown on 3.2M snpset	1240K		1.078917	514793	277973	n/a (no relatives detected)	R-P312	R1b1a1b1a1a2		V7	[0.988,0.999]			ss.half	S14809.Y1.E1.L1	PASS	..
I14837	Repulldown on 3.2M snpset	1240K		0.807286	577293	317688	n/a (no relatives detected)	n/a (female)	n/a (female)		K1a4a1c	[0.958,0.980]			ds.half	S14837.Y1.E1.L1	PASS	..
I16386	Repulldown on 3.2M snpset	1240K		0.158397	159813	85386	n/a (no relatives detected)	n/a (female)	n/a (female)		T1a1	[0.972,0.994]			ss.half	S16386.Y1.E1.L1	PASS	..
I16450	Repulldown on 3.2M snpset	1240K		2.16593	733971	403095	n/a (no relatives detected)	R-Y14529	R1b1a1b1a1a2a		T1a1	[0.994,1.000]			ds.half	S16450.Y1.E1.L1	PASS	..
I16455	Repulldown on 3.2M snpset	1240K		0.059305	67338	36515	n/a (no relatives detected)	R-S461	R1b1a1b1a1a2c		T1	[0.922,0.985]			ds.half	S16455.Y1.E1.L1	PASS	..
I16457	Repulldown on 3.2M snpset	1240K		0.914007	587839	321647	n/a (no relatives detected)	n/a (female)	n/a (female)		T1a1	[0.957,0.980]			ds.half	S16457.Y1.E1.L1	PASS	..
I16458	Repulldown on 3.2M snpset	1240K		0.586645	464079	253397	n/a (no relatives detected)	R-BY33481	R1b1a1b1a1a2c1a6a		T2c1d+152	[0.985,0.997]			ds.half	S16458.Y1.E1.L1	PASS	..
I16601	Repulldown on 3.2M snpset	1240K		1.175693	577710	314799	n/a (no relatives detected)	n/a (female)	n/a (female)		H17	[0.963,0.986]			ds.half	S16601.Y1.E1.L1	PASS	..
I16619	Repulldown on 3.2M snpset	1240K		0.060907	68299	36809	n/a (no relatives detected)	R-M269	R1b1a1b		H49	[0.995,1.000]			ds.half	S16619.Y1.E1.L1	PASS	..
I17262	Repulldown on 3.2M snpset	1240K		2.613973	623053	345872	n/a (no relatives detected)	n/a (female)	n/a (female)		T2b	[0.992,0.999]			ds.half	S17262.Y1.E1.L1	PASS	..
I17263	Repulldown on 3.2M snpset	1240K		2.311133	657386	361366	n/a (no relatives detected)	n/a (female)	n/a (female)		J1c1c	[0.981,0.997]			ds.half	S17263.Y1.E1.L1	PASS	..
I17264	Repulldown on 3.2M snpset	1240K		5.545029	791282	436965	n/a (no relatives detected)	R-Z2185	R1b1a1b1a1a2c1		U2e1f1	[0.977,0.993]			ds.half,ds.half	S17264.Y1.E1.L1,S17265.Y1.E1.L1	PASS	..
I17266	Repulldown on 3.2M snpset	1240K		0.081605	89627	48483	n/a (no relatives detected)	n/a (female)	n/a (female)		U5b1b1+@16192	[0.888,0.966]			ds.half	S17266.Y1.E1.L1	PASS	mtcontam=[0.888,0.966]
I17267	Repulldown on 3.2M snpset	1240K		2.605157	667444	367274	n/a (no relatives detected)	n/a (female)	n/a (female)		V	[0.979,0.997]			ds.half	S17267.Y1.E1.L1	PASS	..
I19040	Repulldown on 3.2M snpset	1240K		0.125	118425	61667	n/a (no relatives detected)	n/a (female)	n/a (female)		H1m	[0.967,0.992]			ss.half	S19040.Y1.E1.L1	PASS	damage.ss.half=0.062
I19042	Repulldown on 3.2M snpset	1240K		3.056	813006	438371	n/a (no relatives detected)	n/a (female)	n/a (female)		T2b33	[0.990,0.999]			ss.half	S19042.Y1.E1.L1	PASS	damage.ss.half=0.061
I19657	Repulldown on 3.2M snpset	1240K		4.516	861259	463900	n/a (no relatives detected)	n/a (female)	n/a (female)		H5s	[0.979,0.997]			ss.half	S19657.Y1.E1.L1	PASS	..
I19854	Repulldown on 3.2M snpset	1240K		3.095	722063	390332	n/a (no relatives detected)	n/a (female)	n/a (female)		J1c2a2	[0.994,1.000]			ss.half	S19854.Y1.E1.L1	PASS	..
I19855	Repulldown on 3.2M snpset	1240K		0.941	528260	281402	n/a (no relatives detected)	R-L21	R1b1a1b1a1a2c1		H1ak1	[0.960,0.984]			ss.half	S19855.Y1.E1.L1	PASS	..
I20584	Repulldown on 3.2M snpset	1240K		1.919	710379	382677	United Kingdom, England, Oxfordshire, Stanton Harcourt, Gravelly Guy Family A (3 Members) (I21277, I20584 have a 2d relationship; I21276, I20584 have a 2d relationship; I21276, I21277 have a 2d relationship)	n/a (female)	n/a (female)		K1a4a1	[0.976,0.992]			ss.half	S20584.Y1.E1.L1	PASS	..
I20621	Repulldown on 3.2M snpset	1240K		0.682	495355	266141	n/a (no relatives detected)	n/a (female)	n/a (female)		T2c1d1	[0.989,0.999]			ss.half	S20621.E1.L1	PASS	..
I20622	Repulldown on 3.2M snpset	1240K		2.584	748925	405901	n/a (no relatives detected)	I-Y3684	I2a1b1a1a1b1a		T2c1d1	[0.983,0.995]			ss.half	S20622.E1.L1	PASS	..
I20623	Repulldown on 3.2M snpset	1240K		2.418	753849	408163	United Kingdom, Derbyshire, Monsal Dale, Fin Cop Hillfort Family A (2 members) (I20623-I20627 are 2nd or 3rd degree relatives)	n/a (female)	n/a (female)		V2b	[0.993,1.000]			ss.half	S20623.E1.L1	PASS	..
I20624	Repulldown on 3.2M snpset	1240K		0.157	159637	83828	n/a (no relatives detected)	R-M269	R1b1a1b		U2e1a1	[0.973,0.996]			ss.half	S20624.E1.L1	PASS	..
I20626	Repulldown on 3.2M snpset	1240K		0.23	216362	116769	n/a (no relatives detected)	I-Y6098	I2a1b1b		H7b	[0.981,0.996]			ss.half	S20626.E1.L1	PASS	..
I20628	Repulldown on 3.2M snpset	1240K		0.728	483034	258479	n/a (no relatives detected)	R-S5488	R1b1a1b1a1a2c1a5c		I2a	[0.992,1.000]			ss.half	S20628.E1.L1	PASS	..
I20630_d	Repulldown on 3.2M snpset	1240K		0.063	65524	33669	n/a (no relatives detected)	..	..		H1au1b	[0.96,0.996]			ss.half	S20630.E1.L1	PASS	..
I20631	Repulldown on 3.2M snpset	1240K		2.814	799421	432521	United Kingdom, Derbyshire, Monsal Dale, Fin Cop Hillfort Family B (2 members) (I20631-I20632 are 2nd or 3rd degree relatives)	n/a (female)	n/a (female)		V2b	[0.992,1.000]			ss.half	S20631.E1.L1	PASS	..
I20634	Repulldown on 3.2M snpset	1240K		0.052	56107	30037	n/a (no relatives detected)	R-M269	R1b1a1b		K2b1a1a	[0.948,0.983]			ss.half	S20634.E1.L1	PASS	..
I20982	Repulldown on 3.2M snpset	1240K		1.557	712177	393816	n/a (no relatives detected)	R-L20	R1b1a1b1a1a2b1		J1c3	[0.963,0.987]			ds.half	S20982.Y1.E2.L1	PASS	..
I20983	Repulldown on 3.2M snpset	1240K		1.121	642211	354081	n/a (no relatives detected)	n/a (female)	n/a (female)		H3b+16129	[0.983,0.999]			ds.half	S20983.Y1.E2.L1	PASS	..
I20984	Repulldown on 3.2M snpset	1240K		1.699	725503	401649	n/a (no relatives detected)	n/a (female)	n/a (female)		H1j6	[0.965,0.987]			ds.half	S20984.Y1.E2.L1	PASS	..
I20985	Repulldown on 3.2M snpset	1240K		0.97	606538	335013	n/a (no relatives detected)	n/a (female)	n/a (female)		U4a3a	[0.987,0.998]			ds.half	S20985.Y1.E2.L1	PASS	..
I20986	Repulldown on 3.2M snpset	1240K		1.329	685847	379039	n/a (no relatives detected)	n/a (female)	n/a (female)		HV0+195	[0.986,0.999]			ds.half	S20986.Y1.E2.L1	PASS	..
I20987	Repulldown on 3.2M snpset	1240K		0.472	415921	228851	n/a (no relatives detected)	R-DF63	R1b1a1b1a1a2c1		U5b2b3	[0.990,1.000]			ds.half	S20987.Y1.E2.L1	PASS	..
I20988	Repulldown on 3.2M snpset	1240K		1.676	728671	403514	n/a (no relatives detected)	I-Y3684	I2a1b1a1a1b1a		T2b19	[0.964,0.983]			ds.half	S20988.Y1.E2.L1	PASS	..
I20989	Repulldown on 3.2M snpset	1240K		2.794	761368	419502	n/a (no relatives detected)	R-P312	R1b1a1b1a1a2		K1c1	[0.963,0.986]			ds.half	S20989.Y1.E2.L1	PASS	..
I21271	Repulldown on 3.2M snpset	1240K		5.465	890247	486741	n/a (no relatives detected)	n/a (female)	n/a (female)		W1c	[0.956,0.980]			ds.half	S21271.Y1.E2.L1	PASS	..
I21272	Repulldown on 3.2M snpset	1240K		1.632	766870	419010	n/a (no relatives detected)	R-S5488	R1b1a1b1a1a2c1a5c		V	[0.972,0.996]			ds.half	S21272.Y1.E2.L1	PASS	..
I21274	Repulldown on 3.2M snpset	1240K		5.503	872604	478257	n/a (no relatives detected)	n/a (female)	n/a (female)		K1a4a1	[0.967,0.986]			ds.half	S21274.Y1.E2.L1	PASS	..
I21275	Repulldown on 3.2M snpset	1240K		5.356	874883	479455	n/a (no relatives detected)	n/a (female)	n/a (female)		K1a4a1	[0.972,0.990]			ds.half	S21275.Y1.E2.L1	PASS	..
I21277	Repulldown on 3.2M snpset	1240K		1.916	831666	454725	United Kingdom, England, Oxfordshire, Gravelly Guy Family A (3 Members) (I21277, I20584 have a 2d relationship; I21276, I20584 have a 2d relationship; I21276, I21277 have a 2d relationship)	R-S5488	R1b1a1b1a1a2c1a5c		K1a4a1	[0.978,0.993]			ds.half	S21277.Y1.E2.L1	PASS	..
I21307	Repulldown on 3.2M snpset	1240K		0.403	347425	191863	n/a (no relatives detected)	R-L52	R1b1a1b1a1		H7d	[0.958,0.981]			ds.half	S21307.Y1.E3.L1	PASS	..
I21308	Repulldown on 3.2M snpset	1240K		0.443	365842	202883	n/a (no relatives detected)	R-DF13	R1b1a1b1a1a2c1		J1c1b	[0.957,0.985]			ds.half	S21308.Y1.E3.L1	PASS	..
I21309	Repulldown on 3.2M snpset	1240K		7.689	827674	457629	n/a (no relatives detected)	R-DF13	R1b1a1b1a1a2c1		X2b+226	[0.968,0.989]			ds.half	S21309.Y1.E1.L1	PASS	..
I21310	Repulldown on 3.2M snpset	1240K		6.494	807211	447072	n/a (no relatives detected)	n/a (female)	n/a (female)		U4c1	[0.978,0.992]			ds.half	S21310.Y1.E1.L1	PASS	..
I21311	Repulldown on 3.2M snpset	1240K		6.209	808244	447164	n/a (no relatives detected)	n/a (female)	n/a (female)		H16+152	[0.976,0.993]			ds.half	S21311.Y1.E1.L1	PASS	..
I21312	Repulldown on 3.2M snpset	1240K		2.512	772427	426309	n/a (no relatives detected)	R-DF13	R1b1a1b1a1a2c1		J1b1a1	[0.949,0.975]			ds.half	S21312.Y1.E1.L1	PASS	mtcontam=[0.949,0.975]
I21313	Repulldown on 3.2M snpset	1240K		6.57	798826	442708	United Kingdom, England, Wiltshire, Casterley Camp Family A (2 Members) (I21313, I21314 have a 2d relationship)	R-P312	R1b1a1b1a1a2		H3g	[0.980,0.997]			ds.half	S21313.Y1.E1.L1	PASS	..
I21314	Repulldown on 3.2M snpset	1240K		5.653	802473	444373	United Kingdom, England, Wiltshire, Casterley Camp Family A (2 Members) (I21313, I21314 have a 2d relationship)	n/a (female)	n/a (female)		V23	[0.984,0.999]			ds.half	S21314.Y1.E1.L1	PASS	..
I14378	Repulldown on 3.2M snpset	1240K		3.226086	786899	433532	n/a (no relatives detected)	n/a (female)	n/a (female)		I2	[0.989,0.999]			ds.half	S14378.Y1.E1.L1	PASS	..
I16498	Repulldown on 3.2M snpset	1240K		0.783128	561251	308427	n/a (no relatives detected)	n/a (female)	n/a (female)		H2a1	[0.987,0.999]			ds.half	S16498.Y1.E1.L1	PASS	damage.ds.half=0.042
I2692	Repulldown on 3.2M snpset	1240K		1.273	640071	350958	n/a (no relatives detected)	n/a (female)	n/a (female)		H2a1	[0.967,0.981]			ds.half	S2692.E1.L2	PASS	..
I16504	Repulldown on 3.2M snpset	1240K		1.089405	660170	363158	n/a (no relatives detected)	R-Z251	R1b1a1b1a1a2c1		H1as	[0.963,0.988]			ds.half	S16504.Y1.E1.L1	PASS	damage.ds.half=0.029
I16413	Repulldown on 3.2M snpset	1240K		0.179317	181275	97138	n/a (no relatives detected)	n/a (female)	n/a (female)		H6a1a8	[0.984,0.999]			ss.half	S16413.Y1.E1.L1	PASS	damage.ss.half=0.096
I16418	Repulldown on 3.2M snpset	1240K		0.306483	282508	151845	n/a (no relatives detected)	I-L1195	I2a1b1a1a1		U5a1d2a	[0.957,0.980]			ss.half	S16418.Y1.E1.L1	PASS	damage.ss.half=0.086
I16495	Repulldown on 3.2M snpset	1240K		1.776309	731495	404970	n/a (no relatives detected)	n/a (female)	n/a (female)		H6a1a8	[0.989,0.999]			ds.half	S16495.Y1.E1.L1	PASS	..
I2693	Repulldown on 3.2M snpset	1240K		0.377	321584	179028	n/a (no relatives detected)	R-L151	R1b1a1b1a1a		H3+152	..			ds.half	S2693.E1.L1	PASS	..
I2699	Repulldown on 3.2M snpset	1240K		0.04548	51755	28006	n/a (no relatives detected)	F	F		HV	[0.867,0.93]			ds.half,ds.half,ds.half	S2699.E1.L1,S2699.E1.L2,S2699.E1.L3	QUESTIONABLE	mtcontam=[0.867,0.93]
I27384	Repulldown on 3.2M snpset	1240K		1.386	688587	377539	n/a (no relatives detected)	R-DF13	R1b1a1b1a1a2c1		H2a2a1g	[0.960,0.984]			ds.half	S27384.Y1.E1.L1	PASS	..
I27385	Repulldown on 3.2M snpset	1240K		3.195	833442	456918	n/a (no relatives detected)	R-Z2186	R1b1a1b1a1a2c1		T2b19	[0.976,0.991]			ds.half	S27385.Y1.E1.L1	PASS	..
I2799	Repulldown on 3.2M snpset	1240K		1.079	580776	318075	n/a (no relatives detected)	R-DF49	R1b1a1b1a1a2c1a1a		H1	[0.997,1.000]			ds.half	S2799.E1.L1	PASS	..
I2824	Repulldown on 3.2M snpset	1240K		0.116082	126905	69485	n/a (no relatives detected)	R-M269	R1b1a1b		H13a1a	[0.973,0.995]			ds.half,ds.half,ds.half	S2824.E1.L2,S2824.E1.L3,S2824.E1.L4	PASS	..
I3566	Repulldown on 3.2M snpset	1240K		4.481	784089	430778	n/a (no relatives detected)	R-Z16436	R1b1a1b1a1a2c1		H13a1a	[0.994,1.000]			ds.half	S3566.E1.L1	PASS	..
I3567	Repulldown on 3.2M snpset	1240K		5.244	815402	446508	n/a (no relatives detected)	R-Z2534	R1b1a1b1a1a2c1		J1c3b	[0.988,0.996]			ds.half	S3567.E1.L1	PASS	..
I3568	Repulldown on 3.2M snpset	1240K		4.334	788573	433268	n/a (no relatives detected)	R-A14	R1b1a1b1a1a2c1a4b2b1		H7a1	[0.990,0.998]			ds.half	S3568.E1.L1	PASS	..
I5474	Repulldown on 3.2M snpset	1240K		0.034643	38993	20135	n/a (no relatives detected)	n/a (female)	n/a (female)		K1a26	[0.995,1]			ds.half,ds.half,ds.half,ds.half,ds.half,ds.half,ds.half,ds.half,ds.half	S5474.E1.L1,S5474.E1.L2,S5474.E1.L3,S5474.E1.L4,S5474.E1.L5,S5474.E1.L6,S5474.E1.L7,S5474.E1.L8,S5474.E1.L9	PASS	S5474.E1.L2 sexratio
I2983	Repulldown on 3.2M snpset	1240K		4.736	813575	443198	n/a (no relatives detected)	n/a (female)	n/a (female)		U2e2a1c	[0.996,1.000]			ds.half	S2983.E1.L1	PASS	..
I16422	Repulldown on 3.2M snpset	1240K		0.48412	387992	208142	n/a (no relatives detected)	R-L2	R1b1a1b1a1a2b1		H3+152	[0.991,1.000]			ss.half	S16422.Y1.E1.L1	PASS	..
I16499	Repulldown on 3.2M snpset	1240K		2.228477	757759	417629	n/a (no relatives detected)	R-DF49	R1b1a1b1a1a2c1a1a		I2a	[0.989,0.999]			ds.half	S16499.Y1.E1.L1	PASS	..
I2694	Repulldown on 3.2M snpset	1240K		4.772	776563	427294	n/a (no relatives detected)	n/a (female)	n/a (female)		H1ak1	..			ds.half	S2694.E1.L1	PASS	..
I2695	Repulldown on 3.2M snpset	1240K		0.596	447933	243772	n/a (no relatives detected)	R-L21	R1b1a1b1a1a2c1		H2a1	[0.981,0.992]			ds.half	S2695.E1.L2	PASS	..
I2696	Repulldown on 3.2M snpset	1240K		1.306	634223	346353	n/a (no relatives detected)	n/a (female)	n/a (female)		U5a2b4a	[0.987,0.995]			ds.half	S2696.E1.L2	PASS	..
I6771	Repulldown on 3.2M snpset	1240K		0.202733	200906	109013	n/a (no relatives detected)	n/a (female)	n/a (female)		U4b1a	[0.966,0.977]			ds.half	S6771.L1	PASS	mtcontam=[0.966,0.977]
I16405	Repulldown on 3.2M snpset	1240K		2.242435	836473	457410	n/a (no relatives detected)	R-DF13	R1b1a1b1a1a2c1		K1a+195	..			ss.half,ds.half,ds.half,ds.half	S16405.Y1.E1.L1,S16405.Y1.E2.L1,S16405.Y1.E3.L1,S16405.Y1.E4.L1	PASS	..
I16475	Repulldown on 3.2M snpset	1240K		0.211115	212645	115024	n/a (no relatives detected)	R-P312	R1b1a1b1a1a2		X2b	..			ds.half,ds.half,ds.half,ds.half,ds.half,ds.half	S16475.Y1.E1.L1,S16477.Y1.E1.L1,S16477.Y1.E2.L1,S16477.Y1.E3.L1,S16477.Y1.E4.L1,S16477.Y1.E5.L1	PASS	..
